"","Aqua.Cap.items","Country","Total.production","1976","1977","1978","1979","1980","1981","1982","1983","1984","1985","1986","1987","1988","1989","1990","1991","1992","1993","1994","1995","1996","1997","1998","1999","2000","2001","2002","2003","2004","2005","2006","2007","2008","2009","2010","2011","2012","2013","2014","2015","2016","2017","2018","2019"
"1","Common carp, Rainbow trout, Silver carp","Albania",403.204852602693,0,0,0,0,0,0,0,0,0,0,0,0,0,0,0,0,0,0,0,0,0,0,0,0,0,0,0,0,0,0,0,0,0,0,0,0,0,0,0,1.56338241991802,0.317829849688749,138.742236024845,85.9898560209424,176.591548287299
"2","European anchovy, European pilchard, Gilthead seabream","Albania",12828.5272473973,0,0,0,0,0,0,0,0,0,0,252.92,487.88,757,85,3706,1377.82,765.56,687.76,176.4,230.36,0,0,0,0,0,0,0,0,0,27,93,0,0,0,0,0,0,0,0,307.376617580082,31.0821701503112,486.707763975155,1665.91014397906,1690.7505517127
"3","Freshwater fish Fish","Albania",129.818181818182,0,0,0,0,0,0,0,0,0,0,0,0,0,0,0,0,0,0,0,0,0,0,129.818181818182,0,0,0,0,0,0,0,0,0,0,0,0,0,0,0,0,0,0,0,0,0
"4","Freshwater fish, Fish","Albania",67.372900984366,0,0,0,0,0,0,0,0,0,0,0,0,0,0,0,0,0,0,0,1,0,0,10.1818181818182,0,0,0,0,0,0,0,0,0,0,0,0,0,0,0,0,0,0,56.1910828025478,0,0
"5","Marine fish, Fish","Albania",2765.37012516016,0,0,0,0,0,0,0,0,0,0,0,0,0,0,0,0,0,0,0,218.98,444,205,0,0,0,0,0,18,47,45,0,0,0,0,0,0,0,0,0,0,0,166.090445859873,923.769679300292,697.53
"6","European pilchard, Jack and horse mackerel, Sardine","Algeria",9906.52,3668.02,5051.58,668.74,518.18,0,0,0,0,0,0,0,0,0,0,0,0,0,0,0,0,0,0,0,0,0,0,0,0,0,0,0,0,0,0,0,0,0,0,0,0,0,0,0,0
"7","Freshwater fish, Fish","Algeria",115.07,0,0,0,0,0,0,0,0,0,0,0,0,0,0,0,0,3,9,1,6,19,5,4,4,0,22,12,5,11,0,1,6,6.27,0.800000000000001,0,0,0,0,0,0,0,0,0,0
"8","Marine fish, Fish","Algeria",608.48,0,0,0,0,0,0,0,0,0,0,0,0,0,0,0,0,245.48,0,0,0,14,0,0,0,0,0,0,62,82,31,0,154,20,0,0,0,0,0,0,0,0,0,0,0
"9","Marine fish, Fish","Angola",54205.6111000001,0,0,0,0,0,0,0,0,0,0,0,0,0,0,0,0,0,0,0,0,0,0,0,230,0,211,372,0,0,0,911.64,2062.78,4834.34,5853.84,4217.18,2328.36,8437.88,7899.04,6261.32999999999,4870.95,259,366,995,4095.2711
"10","Argentine hake, Patagonian grenadier, Southern blue whiting","Argentina",2337856.85077214,15.96,13587.64,14283.84,13822.44,24203.28,37425.62,10616.1,9384.5,22837,33146,142834.16,166505.41,145544.24,150605.99,167864.64,61949.32,140161.506575674,221827.618319411,245682.234277058,36745.7,43090.84,30803.84,40325,45459.66,55620.76,35835.46,39290.87,52667.35,30609.49,22243.97,34148.77,30137.62,39246.75,34546.75,28647.25,23108.75,15734.6,13900.72,12470.25,11512.15,9898.67,10138.6,9309,10066.5316
"11","Freshwater fish, Fish","Argentina",14702.8722024062,0,0,0,0,0,0,0,0,0,0,0,0,0.572787962820315,19.7135412667946,18.7679087452471,24,0,16.612400437295,19.838691818741,0,17.1655018728368,0,146.687137546468,104.535179849428,42.399052906597,0,0,0,0,0,0,0,1107,0,273.000000000001,1729,1037,2203.79,1662.42,797.000000000002,1061,2050.04,1312,1060.33
"12","Granulated catfish, Leporinus, Prochilod","Argentina",1351820.08082786,29399.78,42251.2,54243.23,51420.75,53449.33,47946.96,100590.85,38316.2,1250.47,16357.48,5222.65,1099.99,6186.09,10275.26,16738.15,150668.02,19905.7634243262,23208.0716805892,28313.0457229415,104673.5,113953.92,100225.45,125040.83,88756.54,69168.82,0,53157.73,0,0,0,0,0,0,0,0,0,0,0,0,0,0,0,0,0
"13","Marine fish, Fish","Argentina",262396.707397594,0,0,0,0,0,0,0,0,0,0,0,0,2230.20721203718,3715.1064587332,4917.19209125475,93.12,2303.44,9253.6275995627,9668.62130818125,4065.98,9253.65449812716,3238.28,22662.7328624535,11760.4048201506,7182.6409470934,6788.18,0,15312.3,14869.42,18530.64,9148.12,6679.66,13476.22,8373.98,27452.24,21135.56,10366.22,2078.94,7517.28,0,5812.06,0,3455.54,1055.3396
"14","Trout, Common carp, Sardine and sardinella and sprat","Armenia",1047.24,0,0,0,0,0,0,0,0,0,0,0,0,0,0,0,0,0,0,0,0,0,0,0,0,0,0,0,0,0,0,0,0,0,0,0,360.06,687.18,0,0,0,0,0,0,0
"15","Trout, Common carp, Sturgeon","Armenia",3318.4296,0,0,0,0,0,0,0,0,0,0,0,0,0,0,0,0,0,0,0,0,0,0,0,0,0,0,0,0,0,0,0,0,0,0,0,0,0,503.82,236.44,244.24,681.16,987.9,542.5,122.3696
"16","Freshwater fish, Fish","Australia",981.530030093669,0,0,0,0,0,0,0,0,0,0,0,0,0,0,0,0,0,0,0,0,0,1.8,0,0,0,0,0,0,0,0,0,0,0,410.852299779961,253.845791532498,315.03193878121,0,0,0,0,0,0,0,0
"17","Marine fish, Fish","Australia",30636.8896291812,0,2727.88,0,0,0,0,8107.08,11391.66,0,0,0,0,0,0,0,0,2,0,0,0,0,51.2,29,250.345779538299,111,254,127,715.000872311101,489,93,19.0276002624796,335.038800495319,435.711871024245,76.615188163815,53.7430587349314,76.9380612187901,468,183,47,0,4593.64839743222,0,0,0
"18","Freshwater fish, Fish","Austria",767.02,0,0,0,0,0,0,0,0,0,0,0,0,64.34,100.34,75.34,39,54,45,39,100,98,85,61,2,1,1,2,0,0,0,0,0,0,0,0,0,0,0,0,0,0,0,0,0
"19","Black and Caspian Sea sprat, Sardine and sardinella and sprat, Mackerel","Azerbaijan",2022.4,0,0,0,0,0,0,0,0,0,0,0,0,0,0,0,0,0,0,1719.94,302.46,0,0,0,0,0,0,0,0,0,0,0,0,0,0,0,0,0,0,0,0,0,0,0,0
"20","Marine fish, Fish","Azerbaijan",5729.96,0,0,0,0,0,0,0,0,0,0,0,0,0,0,0,0,0,0,0,0,234.04,335.04,195.38,1511.82,1497,0,0,168,538,124,111,352,388.68,275,0,0,0,0,0,0,0,0,0,0
"21","Marine fish, Fish","Bangladesh",19928.34,0,0,0,0,0,0,42.3,0,0,78.96,8.46,62.04,0,0,0,0,0,0,0,0,0,0,0,0,0,0,0,132.54,56.4,7480.26,59.22,3517.26,0,16.92,137.56,54.56,3396.94,3771.66,113.4,0,789.8,79,0,131.06
"22","Brisling or sprats, Herring, Mackerel","Belarus",14268.7913137279,0,0,0,0,0,0,0,0,0,0,0,0,0,0,0,0,0,0,0,0,0,0,0,0,0,0,0,0,0,0,0,0,0,0,0,0,0,0,0,4159.91277855749,10108.8785351704,0,0,0
"23","Common carp, Crucian carp, Silver carp","Belarus",5836.9786862721,0,0,0,0,0,0,0,0,0,0,0,0,0,0,0,0,0,0,0,0,0,0,0,0,0,0,0,0,0,0,0,0,0,0,0,0,0,0,0,4612.40722144251,1224.57146482959,0,0,0
"24","Freshwater fish, Fish","Belarus",271.25,0,0,0,0,0,0,0,0,0,0,0,0,0,0,0,0,0,0,0,0,0,0,0,0,0,271.25,0,0,0,0,0,0,0,0,0,0,0,0,0,0,0,0,0,0
"25","Marine fish, Fish","Belarus",38102.936277659,0,0,0,0,0,0,0,0,0,0,0,0,0,0,0,0,0,0,0,0,0,0,0,0,0,106.38,0,0,0,0,0,0,0,0,0,0,0,0,0,4242.74667937126,0,9990.18969828771,9090.13,14673.4899
"26","Freshwater fish, Fish","Belgium",1223,0,0,0,0,0,0,0,80,148,0,0,0,0,0,0,0,122,113,95,289,83,142,0,0,151,0,0,0,0,0,0,0,0,0,0,0,0,0,0,0,0,0,0,0
"27","Marine fish, Fish","Belgium",7277.07,0,0,0,15.96,0,0,0,88,0,0,0,0,0,0,1,0,25,0,12.75,0,0,0,0,644.47,61,136.36,329.25,487.75,856.79,776.75,706.31,504.25,520.06,487.31,434.54,606.77,161,104,124,193.75,0,0,0,0
"28","Tuna, Salmon, Mackerel","Belgium",29.75,0,0,0,0,0,0,0,0,0,0,0,0,0,0,0,0,0,0,0,0,0,0,0,0,0,0,0,0,0,0,0,0,0,0,0,0,0,0,0,0,29.75,0,0,0
"29","Jack and horse mackerel, Sardine, Atlantic chub mackerel","Belize",790.840381054131,20.2803810541311,0,0,0,0,0,0,0,0,0,0,0,0,0,0,0,0,0,0,0,0,0,0,0,0,718,0,0,0,0,0,0,0,0,0,0,0,0,0,52.56,0,0,0,0
"30","Tilapia","Belize",202.539618945869,2.53961894586895,0,0,0,0,0,0,0,0,0,0,0,0,0,0,0,0,0,0,0,0,0,0,0,0,0,0,0,0,0,0,0,0,0,0,0,0,0,0,26,108,66,0,0
"31","Marine fish, Fish","Benin",95,0,0,0,0,0,0,0,0,0,0,0,0,0,0,0,0,0,0,0,0,0,0,0,0,0,0,0,0,0,0,95,0,0,0,0,0,0,0,0,0,0,0,0,0
"32","Marine fish, Fish","Brazil",86780.0746147698,1750.28,1973.72,8057.14,4474.12,5328.64,7024.86,0,0,0,0,0,0,0,9180.26573976215,9298.21082386775,12089.1835520284,2987.12770177482,286,971.664848344701,0,0,0,0,1352.98,3328.50148301349,3536.98034196891,3859.79873215755,0,1726.4954410699,3042.75894192764,765,1245.49991429315,320.908019062748,1540.60907549857,0,0,2634.78,0,0,0,0,2,0,2.55
"33","Cape horse mackerel, European sprat, Mackerel","Bulgaria",303795.40889388,36508.6543970954,38910.314128536,45371.9438894793,43195.3748652012,47667.8180866966,24322.9116883117,31239.4675062344,15069.070331447,1208.42818181818,2743.75159117305,0,1034.75090252708,2724.40404123711,134.978073089701,174.457983193277,147.51935813275,120.58386970684,0,788,1258.28,9719.7,1455,0,0,0,0,0,0,0,0,0,0,0,0,0,0,0,0,0,0,0,0,0,0
"34","Common carp, Rainbow trout, Carps","Bulgaria",385977.35110612,14669.9656029046,4454.64587146395,8740.85611052072,6373.42513479884,10845.5219133034,24962.9883116883,21284.7524937656,17690.929668553,25376.9918181818,24725.6684088269,27893.28,44825.4090974729,51207.6759587629,40493.4219269103,20586.0420168067,28745.2006418672,13100.5761302932,0,0,0,0,0,0,0,0,0,0,0,0,0,0,0,0,0,0,0,0,0,0,0,0,0,0,0
"35","Freshwater fish, Fish","Bulgaria",1161.24556862329,0,0,0,0,0,0,0,0,0,0,0,0,0,0,0,0,0,501.230872034748,0,0,0,0,0,0,0,0,107.902196588538,0,0,0,0,0,0,0,0,0,0,0,0,0,0,0,0,552.1125
"36","Marine fish, Fish","Bulgaria",13784.9981279653,0,0,0,0,0,0,0,0,0,0,0,0,0,0,0,0,0,4.44912796525226,292.42,5670.8,505.58,0,0,0,488.88,1975.86,1141.98,645.94,304.14,93.48,0,0,0,0,0,0,0,19.4200000000001,81.66,54.22,465.86,529.18,509.98,1001.149
"37","Pangas catfish, Silver barb, Striped snakehead","Cambodia",5292,0,0,0,0,0,0,0,0,0,0,0,0,0,0,0,0,0,0,0,0,0,857,0,0,57,0,3566,812,0,0,0,0,0,0,0,0,0,0,0,0,0,0,0,0
"38","Atlantic herring, Atlantic cod, Tuna","Canada",1223742.94292993,41464.53,20130.2158957327,34484.4168565599,36086.81,26041.867592388,42885.64,43292.2918110347,28797,48741.82,38017.08,44387.86,25030.58,124142.67,107956.36,99414.37,80618.46,78814.45,52397.27,37044.54,18917.79,25789.75,18162.88,23233.9,29943.72,18695.4244924598,8172.63,2126.55177495582,22764.64,24669.04,9063.39773134231,1279,3777.2685987426,1488.44817671761,446,446,324,1087.54,280,286,895,1115,624,406.73,0
"39","Marine fish, Fish","Canada",230746.237650082,0,0,389.6,0,5420.76,0,10038.54,4299.06,10848.62,0,5829.52,17992.96,1925,2211,3212,2786,2672,1330.25,550,8829.08,36922.0787373396,1702.78350410637,7294.80161268193,9719.97625193291,9032.91721649484,897.191805493021,1227.25,0,1667,999,2658.84204662324,650.686475409836,3504.26,6554.06,11949.32,12753.16,8031.29,2566.98,7787,12335,8440.25,5718,0,0
"40","Trout, Walleye, Alewife","Canada",1073393.32784428,0,405.824104267298,4468.59314344009,0,3248.91240761199,0,7726.79818896532,12435.15,46105.51,44978.9,50680.79,48139.8,186252.43,182648.39,194471.72,166788.59,110296.35,0,255,0,775,0,0,0,0,0,0,257,12884.57,0,0,0,0,0,0,0,0,0,574,0,0,0,0,0
"41","Araucanian herring, Chilean jack mackerel, South American pilchard","Chile",584284.04551554,0,0,0,2011.18,0,10004.73,13568.41,2267.64,0,124.586435323308,3734.75,1816.3,4845.07075565178,5228.50371779982,1656.57132130221,0,28143.73,2293.82,2252.66,2412.06,4678.98,22239.82,14534.14,7005.78,7218.74,28930.6,103910.2,70928.12,64844.0014014708,60051.81,51584.6017985611,32016.2801148827,16187.2589788824,12791.9,3033.39745762712,0,0,10.3411721905579,0,414.47,0,0,549.108488974113,2994.48387287447
"42","Araucanian herring, South American pilchard, Chilean jack mackerel","Chile",1402.73946674347,0,0,0,0,0,0,0,0,0,0,0,0,0,0,0,0,0,0,0,0,0,0,0,0,0,0,0,0,1116.6693209627,0,0,286.070145780768,0,0,0,0,0,0,0,0,0,0,0,0
"43","Atlantic salmon, Coho salmon, Rainbow trout","Chile",9873.32696014923,0,0,0,0,0,0,0,0,0,0,0,0,0,0,0,0,0,0,0,0,0,0,0,0,0,0,0,0,104.84927756654,0,7676.85820143885,2048.28973933649,43.3297418073486,0,0,0,0,0,0,0,0,0,0,0
"44","Marine fish, Fish","Chile",373937.816058982,0,0,1074,335,1971,558.75,182,1309,2418,2947.96,2711.32,9829.8106040637,2680,3461,2878.62,3320,4111.83846757591,2980.02246667632,3493.16200408346,9580.18186455799,1666.84831784812,6078.04055681905,21264.9170047709,13037.0824481515,9122.89060682769,27519.3515508706,16996.3399726539,9354.24406727086,17938.9913337108,24508.8804371429,8748.28264243845,24404.7515187746,36653.6292186036,151,488,2826,3102.04055936152,10226.2983243459,1688.5,35283.4558014469,13609.4401363351,7661.26456422784,23123.0515904245,2642.85
"45","Freshwater fish, Fish","China",13178.549595547,0,0,0,0,0,0,0,0,0,0,0,0,0,0,41,0,26.3526923076923,238,637,1514.17211838006,1800.35925925926,865.215151515152,263.431578947368,286.698356807512,2562.8722643381,3876.68366442567,1066.76450956614,0,0,0,0,0,0,0,0,0,0,0,0,0,0,0,0,0
"46","Marine fish, Fish","China",1910108.4536574,10742.38,8986,205.66,151.96,187.62,10241.98,8177.96,17094.02,6683.42000000001,16574.8,28670.08,51544.12,115526.5,11483.24,223,1418.22,561.007998399215,353.871565549694,2450.61847425758,2722.07788161994,2614.14074074074,1979.53484848485,1903.56842105263,2044.80164319249,27347.4141146256,47403.9121157837,11679.6433536935,2823.75,0,0,0,11702,10105,16852.72,13141.75,34995.78,79002.8,109681.66,110644.76,180596.9,195327.04,236322.13,226797.21,293143.4025
"47","Marine fish, Fish","Colombia",106051.498271982,0,0,0,0,0,0,0,0,0,0,0,0,0,0,0,0,316.3,0,47664.9,11951.5191806564,13941,4235,1642,4979.89099232659,18577.0486989992,257,0,0,306,0,2.82,0,0,0,0,0,0,0,0,0,0,0,469.6,1708.4194
"48","Pilchards Sardinops spp, Sardine and sardinella and sprat, Tilapia","Colombia",18103.05,0,0,0,0,0,0,0,0,0,0,0,0,0,0,0,17015.95,1087.1,0,0,0,0,0,0,0,0,0,0,0,0,0,0,0,0,0,0,0,0,0,0,0,0,0,0,0
"49","Freshwater fish, Fish","Costa Rica",86,0,0,0,0,0,0,0,0,0,0,0,0,0,0,0,0,0,0,0,0,0,0,0,0,1,2,2,1,0,0,1,1,0,21,28,28,0,0,1,0,0,0,0,0
"50","Marine fish, Fish","Costa Rica",282837.66474631,0,0,0,1027.76,0,0,0,1023.34,23.8400000000001,746.58,340.2,3206.58,3885.42,7754.14,8913.9,11655.2,7142.1,19196.08,1812.89,15489.75,23949.38,6161.85,17497.31,17383.96,8038.72,12969.9,12221.1,15018.88,10438.37,12161.04,8916.17444225657,8686.46,6728,6723.14,6020,9336.23030405405,5980.67,6493.18,494,2157.12,1580.46,769,599,295.94
"51","Nile tilapia, Blue tilapia, Tilapia","Costa Rica",1480.77827906903,0,0,0,0,0,0,0,0,0,0,0,0,0,0,0,0,0,0,0,0,0,0,6.94659300184162,12.9320608523102,351.515932074032,227.857175872429,192.485436893204,277.813618157543,155.649689440994,141.663351185922,28.1065956029314,12.4157375643225,73.392088423502,0,0,0,0,0,0,0,0,0,0,0
"52","Tuna, Yellowfin tuna, Shark and ray and skate","Costa Rica",80404.4859017295,0,0,0,0,0,0,0,0,0,0,0,0,0,0,0,0,0,0,0,0,236.130562471185,768.194082656061,2523.15340699816,169.547939147689,10397.584067926,14983.0828241276,12043.0245631068,10689.5163818425,5909.20031055901,6532.66664881408,3653.15340439707,2807.90426243568,5984.8279115765,3250.95053987122,0,0,0,0,131.048995799924,0,0,0,324.5,0
"53","Common carp, Rainbow trout, Grass carp","Croatia",13426.58,0,0,0,0,0,0,0,0,0,0,0,0,0,0,0,0,3798.22,7977.76,1650.6,0,0,0,0,0,0,0,0,0,0,0,0,0,0,0,0,0,0,0,0,0,0,0,0,0
"54","European pilchard, Herring, Tuna","Croatia",21130.3093369418,0,0,0,0,0,0,0,0,0,0,0,0,0,0,0,0,3871.4,5367.92,3710.78,2803.51,2229.12,1369.07,0,0,0,0,0,0,0,0,0,0,0,0,0,0,0,0,1188.20933694181,312.16,278.14,0,0,0
"55","Marine fish, Fish","Croatia",266771.447176417,0,0,0,0,0,0,0,0,0,0,0,0,0,0,0,0,17145.34,21603.98,19150.04,15985.22,20032.3330111206,19134.02,13586.56,8178.86,772,2932.14,5164.92,968.08,7636.13,8725.6,10736.9,10033.84,6909.15,9336.8,11213.16,11371.7826645274,6634.6,8601.88,4191.83130076932,5815.92,6410.92,4192.46,3350.64,6956.3402
"56","Marine fish, Fish","Cuba",19.75,0,0,0,0,0,0,0,0,0,0,0,0,0,0,0,0,0,0,0,0,0,0,0,0,0,0,0,0,0,0,0,0,0,0,0,0,0,0,19.75,0,0,0,0,0
"57","Freshwater fish, Fish","Czech Republic",611.5,0,0,0,0,0,0,0,0,0,0,0,0,0,0,0,0,0,0,0,0,0,0,0,0,0,0,0,0,0,0,0,0,0,0,510.5,101,0,0,0,0,0,0,0,0
"58","Marine fish, Fish","Czech Republic",1131.83,0,0,0,0,0,0,0,0,0,0,0,0,0,0,0,0,0,0,0,0,616.48,0,65,3,0,86.75,73.39,150.46,35.25,0,88.75,0,0,10.75,0,0,2,0,0,0,0,0,0,0
"59","European eel, Rainbow trout, Atlantic salmon","Denmark",71140.1114264306,0,0,56.7249306411255,0,0,0,1111.40353815333,109.202751837453,361.730205798724,0,0,0,0,0,0,0,0,0,0,0,0,0,0,0,0,0,0,0,32864.64,0,0,0,0,36636.41,0,0,0,0,0,0,0,0,0,0
"60","Freshwater fish, Fish","Denmark",0.738579970951314,0,0,0,0,0,0,0,0,0,0,0,0,0,0,0,0,0,0,0,0,0,0,0,0,0,0,0.738579970951314,0,0,0,0,0,0,0,0,0,0,0,0,0,0,0,0,0
"61","Marine fish, Fish","Denmark",297240.662931834,19,593.8,2,1,165.75,47.5,991.37010518473,790.497791247782,1277.38313326354,84.04,2317.33822230524,3343.10407550525,6491.6369618485,3688.01792366412,2600.64543713386,4.34,1071.9844890456,9411.04649862001,15.5,203.75,1382.24252224654,15275.9125735808,14834.07,9616.21562146123,300,11543.5159915907,12390.1114200291,19894.1614882729,20858.56,1528.75,3262.4909733067,3474.85677135256,13181.46,15009.6489456956,17272.6058281869,10943.4962460691,7460.5936054915,11678.9695663482,12020.366877958,10380.9598111438,11815.2879539782,11593.3143358622,11442.8818378081,16960.4859236335
"62","Small sandeel, European sprat, Norway pout","Denmark",652588.501273569,61,18,6588.59506935888,8444.78,168,18097.29,29919.2564618467,23719.9572481625,33164.6597942013,0,7131.92,6829.83,6925.81,11317.74,12957.8,10922.61,83462.97,20846.58,7143.51,8634.79,20698.14,18105.68,14358,20748.98,16543.38,14193.67,8639.99,16886.62,20143.1,16425.73,11831.29,20496.62,24198.12,13474.36,5378.25,12780.51,8294.48,13189.28,9059.11,4714,8605.32,11807.59,16087.64,29573.5427
"63","Freshwater fish, Fish","Dominican Republic",7,0,0,0,0,0,0,0,0,0,0,0,0,0,0,0,0,0,0,0,0,2,1,2,2,0,0,0,0,0,0,0,0,0,0,0,0,0,0,0,0,0,0,0,0
"64","Marine fish, Fish","Dominican Republic",6669.2,0,0,0,0,0,0,0,0,0,0,281,0,0,0,0,0,0,0,0,862.92,0,334.36,84.6,0,81.52,0,0,3668.84,0,0,0,0,0,0,0,0,0,54.25,1301.71,0,0,0,0,0
"65","Chub mackerel, South American pilchard, Pacific thread herring","Ecuador",2897273.74171692,25563.46,34543.52,37447.3,53255.1,81988.92,0,0,0,0,0,0,0,0,0,0,0,10681.5492772345,0,21123.4744566176,33011.4464093226,44970.5923384809,64111.7719083969,89729.9921572212,70559.4047846869,0,102686.337673236,129124.98019802,145356.579509961,82288.3839862396,144090.099266055,229759.8,198880.13,177386.882051445,183582.9188,181049.04,198154.18,168772.96,10993,9703,13671.25,2877.75,99777.02,117419.3,134713.5989
"66","Freshwater fish, Fish","Ecuador",23992.7123899364,0,0,0,0,0,0,0,0,0,0,0,325,0,885.5,982.25,738.25,646.751656378268,1789.62381057756,2822.5,0,0,0,0,0,0,0,0,0,1661,1753,1939.97237569061,3823.57191087103,4278.56339247079,0,0,419.729243948143,1927,0,0,0,0,0,0,0
"67","Marine fish, Fish","Ecuador",3208551.08911006,0,0,0,0,0,0,0,0,0,0,0,4397.14000000001,0,0,2505.72,4227.94,4130.60834362173,4528.05618942244,33136.03,17110,12069.08,23002.62,72289.26,52864.02,21310.36,70835.1800000001,116667.75,62477.95,115131.46,101370.66,126852.747624309,117200.698089129,71795.6166075292,87767.55,82070.68,82915.8007560518,93914.12,262782,277619.68,172520.42,296827.12,260552.07,352230.45,205448.3015
"68","Nile tilapia, Rainbow trout, Pacific fat sleeper","Ecuador",48280.7909169347,0,0,0,0,0,0,0,0,0,0,0,0,0,0,0,0,0,0,0,491.593590677349,1459.53766151907,11549.1480916031,9006.43784277879,307.035215313079,0,656.982326764145,1289.4798019802,844.810490038529,356.876013760405,1287.32073394495,0,0,5627.5379485551,15404.0312,0,0,0,0,0,0,0,0,0,0
"69","Marine fish, Fish","Egypt",69508.83,0,0,0,0,0,0,0,0,0,0,0,0,0,0,0,0,0,0,0,0,0,0,0,0,0,0,0,0,0,26,0,0,65.72,0,3,3,0,2887.5,9855.00000000001,10756,19388.84,15853,7495,3175.76999999999
"70","Marine fish, Fish","El Salvador",47541.85,0,0,0,0,0,0,0,0,0,0,0,0,0,0,0,0,0,0,0,0,0,0,0,0,0,0,3071.06,246,186,477.57,10593.64,19417.16,11290.76,1050,15,3,94,157,201,247,172,138,97,85.66
"71","Atlantic herring, Chilean jack mackerel, Cape horse mackerel","Estonia",961900.835944581,0,0,0,0,0,0,0,0,0,0,0,0,0,0,0,0,0,52453.0922770532,75093.7704490391,70379.3224213607,76672.0155527587,90204.245257,82160.4041547381,57634.0785907566,59378.0159539554,130872.00669364,69719.6592596878,36097.6853345917,25360.96,25396.76,24660.25,15923.96,13899.3,15448.61,0,0,20940.65,19606.05,0,0,0,0,0,0
"72","European perch, Pike-perch, European smelt","Estonia",15255.7440554188,0,0,0,0,0,0,0,0,0,0,0,0,0,0,0,0,0,712.117722946775,1528.36955096088,2922.41757863936,2655.21444724131,1115.50474300002,727.635845261882,1432.06140924342,1262.41404604458,2384.83330636011,119.100740312143,396.074665408323,0,0,0,0,0,0,0,0,0,0,0,0,0,0,0,0
"73","Freshwater fish, Fish","Estonia",797.166149361955,0,0,0,0,0,0,0,0,0,0,0,0,0,0,0,0,0,0,0,0,0,0,0,0,0,0,0,0,428.222222222222,73.9014084507042,0,1.4765625,0,51.926631897712,32.0307268931486,11.9303733232775,156.201305695702,1.08398719635528,25.3334134074515,0,15.0595177753819,0,0,0
"74","Marine fish, Fish","Estonia",1363714.96977096,0,0,0,0,0,0,0,0,0,0,0,0,0,0,0,0,0,26851.1799999999,54630.16,67772.58,50564.06,92259.94,91639.34,63146.32,0,66410.56,98673.7,98638.52,64463.9623851828,85477.2746990337,83128.1153058257,51475.3374981338,51568.1876510392,49555.4603478249,48528.1398025162,40870.2243828593,44391.1479129352,26656.6561656844,26427.3312145028,18959.2113679497,20091.7772188062,20299.4324522396,17624.0998728302,3612.25149359453
"75","Tilapia, North African catfish, Carps","Ethiopia",8830.17,0,0,0,0,0,0,0,0,0,0,0,0,0,0,0,0,0,0,0,0,0,0,0,0,0,0,0,0,0,0,0,958.49,0,176.2,1697.2,1299.82,1484.47,881.71,981.48,604.78,0,0,746.02,0
"76","Blue whiting, Capelin, Saithe","Faroe Islands",1320753.1958,16631.83,29320.41,3722.22,10323.25,14589.19,12944.17,14732.61,17680.79,22214.54,18000.88,15430.02,15420.1,18457.87,15802.43,68463.82,64985.8,64319.82,20255.55,23919.19,27361.59,22496.12,16427.55,14935.25,15644.13,16238.11,19110.73,17781.42,24826.29,22744.07,40204.15,43932.51,41043.82,43213.17,46607.64,38129.42,37137.42,38583.04,43657.75,46276.32,48898.72,43825.77,50163,48589.45,45711.2658
"77","Marine fish, Fish","Faroe Islands",184167.843872233,8641.34,2076.94,5226.04862770098,531,1304.20045629962,178,553.836666177197,5148.26242567249,659.39085966381,182.101585740934,296.876256671218,1467.55147284389,2655.18500373874,2228.01469801781,755.258888404949,2941.32091368178,957,695,0,4825.4548726907,5507.00898130854,8795.28457976077,3219.78582524628,1455,1897,6664.11991709233,1912.00569357908,1934,1638,1003,943,2901.91025284524,22013.25961885,29302.09,13037.6474338975,11602.8977770911,1953.31977906437,1268.59168619332,140,7841.51,32.5,192,230.5,17360.6296
"78","Albacore, Mackerel, Sardine and sardinella and sprat","Fiji",1796.07,0,224.259999999999,0,0,0,0,0,0,0,0,0,0,0,0,0,84.54,0,1487.27,0,0,0,0,0,0,0,0,0,0,0,0,0,0,0,0,0,0,0,0,0,0,0,0,0,0
"79","Marine fish, Fish","Fiji",437869.3394,0,0,0,7295,600.86,5415.4,479.319999999999,8003.14,3696.72,0,1776.2,1550.88,3056.96,11007.64,7608.68,6344.72,517.62,3057.5,6036.38,9678.94,7667.32,16032.56,14267.34,23071.28,1563.32,10,341.02,159.2,28.56,0,120.42,1802.02,7486.96,15194.1,20795.04,6894.12,3789.69999999999,38613.52,33940.0399999999,33375.15,43378.5,38411.8399999999,23406.05,31395.3194
"80","Marine fish, Fish","Finland",15845,0,0,0,0,0,0,0,0,0,0,0,0,0,0,0,0,0,0,0,0,0,0,0,0,0,0,0,0,0,0,0,0,0,704,0,980,7813,6348,0,0,0,0,0,0
"81","Freshwater fish, Fish","France",577,385,0,94,98,0,0,0,0,0,0,0,0,0,0,0,0,0,0,0,0,0,0,0,0,0,0,0,0,0,0,0,0,0,0,0,0,0,0,0,0,0,0,0,0
"82","Marine fish, Fish","France",12303.4879591436,148,1034,583,0,500,1311,614.5,387.5,26,0,0,0,0,5,0,482,0,0,506.75,799,0,95.68,550.62,354.6,279.62,0,515.44,335.62,50.5599999999999,87.18,658.9,1051.94,0,266.5,0,8,471.52,900.86,131.5,1,86.22,0,53.8779591435867,7.1
"83","Marine fish, Fish","Gabon",857.6754,0,0,0,0,0,0,0,0,0,0,0,0,0,0,0,0,0,0,0,413,0,0,0,0,0,0,0,0,0,0,0,0,0,0,0,0,0,0,0,0,0,0,0,444.6754
"84","Bonga shad, Sardine, Sardine and sardinella and sprat","Gambia",9781.29521831196,1320.93473827328,2376.90126345344,798.056962025317,509.607476635514,325.916443492234,119.201945570353,64.0724857685009,0,0,0,0,0,241.56,300.04,76.54,98.52,78.88,128.748121059269,51.6789839944328,149,80,1.45559322033899,202.66,247,212,110,0,71,0,62,0,609.26,0,0,0,0,0,0,0,0,0,1450.26120481928,96,0
"85","Marine fish, Fish","Gambia",3504.74,0,0,0,0,0,0,0,0,0,0,0,0,0,0,0,0,0,0,0,0,41,0,0,1,2,0,1,0,1,25,4,85.7,440.26,14,961.44,789,146.34,0,385,320,288,0,0,0
"86","Nile tilapia","Gambia",23517.904781688,1374.06526172672,5597.09873654656,3022.94303797468,1794.39252336449,1332.08355650777,787.678054429647,1186.5275142315,0,0,0,0,0,0,234.46,0.480000000000018,112.44,749.12,969.071878940731,1955.42101600557,526.5,1292.62,84.4244067796612,0,0,0,0,0,0,0,0,0,0,0,0,0,0,0,0,0,0,0,338.478795180723,2160.1,0
"87","Cape horse mackerel, European anchovy, Jack and horse mackerel","Georgia",6907.13699386503,0,0,0,0,0,0,0,0,0,0,0,0,0,0,0,0,0,0,0,0,0,0,0,0,0,0,0,3182.58699386503,0,3724.55,0,0,0,0,0,0,0,0,0,0,0,0,0,0
"88","Marine fish, Fish","Georgia",28525.68,0,0,0,0,0,0,0,0,0,0,0,0,0,0,0,0,0,0,0,0,0,0,0,0,0,0,0,0,135,0,0,0,1265.7,11272.4,15852.58,0,0,0,0,0,0,0,0,0
"89","Carps, Common carp, Rainbow trout","Germany",850260.340869151,0,0,0,0,0,0,0,0,686.460328522861,7082.88723332065,9151.70051764004,11285.3414956777,0,0,0,0,0,1547.3,0,0,0,0,0,0,0,0,6950.63686420946,12611.4552587131,23492.5348248569,19095.9839356222,17759.3393102762,32566.6229411818,55809.9500131639,49044.1803019524,70631.3290595638,43460.1244159035,29637.3343514425,89460.39,70324.2512972007,68930.8103075627,41100.7501979886,58494.267114352,63865.87,67270.8211
"90","Herring, Tuna, Alaska pollock","Germany",261236.215130849,0,0,0,0,0,0,0,0,450.47967147714,11629.5327666794,16079.00948236,21284.7285043223,16536.06,0,0,0,0,6553.65,0,0,0,0,0,0,0,0,4895.45313579054,8586.46474128695,14661.8451751431,11649.3160643778,8621.43068972382,13097.2070588182,18074.4799868361,9351.85969804758,17475.2109404362,23182.3655840964,12999.7156485575,101.25,21034.0787027993,7413.31969243735,11718.5398020114,178.742885647964,5516.99,144.4849
"91","Marine fish, Fish","Germany",796297.042309778,0,0,0,0,0,0,0,0,0,0,0,0,6026.5,8418,6078.5,4792.5,3702.5,121,0,652,198,585,15,19270.73,559.5,23300.2563652831,16736.5916568452,19,21540.5,13497.16,2106.25,43850.9576586882,58959.5520647411,16017.74,65771.3267821534,32557.7201107701,46408.831638273,50171.7757604401,52481.1645170386,43629.9690859411,32190.7854916647,77280.4,86039.11,63318.7211779399
"92","Marine fish, Fish","Ghana",169489.8471,0,0,31803,27781,14602.36,19278.6,0,0,0,0,0,0,0,0,0,0,0,0,0,5709,2929.62,0,0,63.5,0,0,0,514.9,2208.88000000001,423.2,0,0,0,0,0,0,0,2925.22,3269.71999999999,1290,4932.5,20888.41,12657.64,18212.2971
"93","Cod, European pilchard, Tuna","Greece",790,0,0,0,0,0,0,0,0,0,0,0,0,0,0,0,0,0,0,0,0,0,0,0,0,0,0,0,0,0,0,0,0,0,0,0,0,0,0,0,0,0,708,82,0
"94","Freshwater fish, Fish","Greece",1122.9925,0,0,0,0,0,0,0,0,0,0,0,0,0,0,0,0,0,0,0,0,0,0,0,456,25,0,0,0,0,0,0,0,0,0,0,0,0,0,0,52.3,181.95,0,133.25,274.4925
"95","Marine fish, Fish","Greece",25532.6,0,0,0,0,140,333,498,616,719,1069.5,536,514,219,6206.12,270,173,1055.5,447.5,798,435,87,32,51,40,78,167,18,316,254.74,2176.82,0,1693.09,0,0,0,0,1279.76,1780.9,632.5,1605.17,1117,174,0,0
"96","Freshwater fish, Fish","Guatemala",1337.5,0,0,0,0,0,0,0,0,0,0,0,0,0,0,0,0,0,0,0,0,0,0,0,0,0,0,0,0,0,0,0,0,0,0,0,0,0,428.25,477.25,0,0,44.75,387.25,0
"97","Marine fish, Fish","Guatemala",85998.1199999999,0,0,0,0,0,0,0,29.26,34.58,0,0,0,0,0,0,0,0,0,0,0,0,0,0,218.88,543.08,426.72,246.9,94.62,7.43999999999999,547.96,86,12.18,258.18,10107.56,29153.4,30391.56,615.419999999998,5037.63,1431.78,2486.29,4268.68,0,0,0
"98","Pilchards Sardinops spp, Skipjack tuna, Tilapia","Guatemala",174.303050581213,0,0,0,0,0,0,0,0,0,0,0,0,0,0,0,0,0,0,0,0,0,165.523050581213,0,0,0,0,0,0,0,8.78,0,0,0,0,0,0,0,0,0,0,0,0,0,0
"99","Pilchards Sardinops spp, Skipjack tuna, Yellowfin tuna","Guatemala",6974.87530242884,0,0,0,0,0,0,0,0,0,0,0,0,0,0,0,0,0,0,0,0,0,48,0,0,0,221.010048906828,348.563675894324,108.637508631242,278.225705435961,318,523.68,467.67236617533,1004.44,1223.12,223.56,717.727032457496,465.925695784468,569.758410496582,456.554858646609,0,0,0,0,0
"100","Bonga shad, Sardine, Sardine and sardinella and sprat, Smoothmouth sea catfish","Guinea",973.335,0,0,0,0,0,0,0,0,0,0,0,0,0,0,0,0,0,0,0,0,0,0,0,0,0,0,0,0,0,0,0,0,0,0,0,0,0,0,0,0,0,0,591.5,381.835
"101","Marine fish, Fish","Guinea",16242.95,0,0,0,0,0,0,0,0,0,0,0,0,0,0,0,0,0,0,0,0,0,0,0,0,1346.5,0,0,0,0,0,5343.82,0,0,241.5,383.5,360,0,0,0,0,4665,0,0,3902.63
"102","Marine fish, Fish","Honduras",9688.13249999999,0,0,0,0,0,0,0,0,0,0,0,0,0,0,0,0,0,483.36,850.02,827.34,680.36,685.7,352.36,221.38,380.7,557.04,538.04,186.38,579.7,331.72,133.12,108.22,46.42,394.72,366.06,601.46,553.4,410.4,226.31,41.06,0,14.13,59.38,59.3525
"103","Sardine and sardinella and sprat, Nile tilapia, Skipjack tuna","Honduras",607.86,0,0,0,0,0,0,0,0,0,0,0,0,0,0,0,0,0,0,607.86,0,0,0,0,0,0,0,0,0,0,0,0,0,0,0,0,0,0,0,0,0,0,0,0,0
"104","Sardine and sardinella and sprat, Skipjack tuna, Tuna","Honduras",965,0,0,0,0,0,0,0,0,0,0,0,0,0,0,0,0,0,0,965,0,0,0,0,0,0,0,0,0,0,0,0,0,0,0,0,0,0,0,0,0,0,0,0,0
"105","Freshwater fish, Fish","Hungary",286,0,0,0,0,0,0,0,0,0,0,0,0,0,0,0,198,50,0,36,0,0,0,0,0,2,0,0,0,0,0,0,0,0,0,0,0,0,0,0,0,0,0,0,0
"106","Fish","Iceland",720736.901640645,14545.6058580335,5989.02946712339,13179.8910720588,23256.2498621787,9584.26041144148,27298.3002175719,8784.68710838687,17057.1843546939,35383.1162047558,33817.0870803028,8697.9981253181,8560.96726920537,0,0,3538.52,0.300000000000032,7390.86,14014.05,15061.97,11412,446.5,265,315.57,444.249999999999,735.25,753.75,684,926.25,772.75,446,1318.57792638682,1417,18519.4607037723,38908.501470169,39153.301382007,2088.5,1807.25,6213.86402482051,45229.6463605339,2887.25,14396.9482948779,476.250000000001,3516.75,281442.204447007
"107","Freshwater fish, Fish","India",20228.2625,0,0,0,0,0,0,0,0,0,0,0,0,0,0,0,0,0,0,0,0,0,0,0,0,0,0,0,0,0,0,0,0,0,0,0,0,0,2311,8479.75,2217,2221.75,1961,2015,1022.7625
"108","Marine fish, Fish","India",27374.521,0,0,0,0,0,0,0,0,0,0,0,0,0,4,0,0,0,0,22,2,40,0,0,20,0,0,0,14,131,11,24,40,2,0,92,109,676,505.75,4252,4066.25,4215,7063,880,5205.521
"109","Freshwater fish, Fish","Indonesia",51223.1646967504,0,0,0,0,0,0,0,0,0,0,0,0,0,0,0,0,0,0,0,0,0,0,0,0,0,0,0,0,0,1263,22,856,0,0,578.3,1892.64,2993.71703391616,5149.04123408921,3877.76521066184,6004.3293811458,8469.7724671414,5956.97618705618,5466.27493045727,8693.34825228252
"110","Marine fish, Fish","Indonesia",1188471.2304,4.48,51.04,66.18,201.04,0,0,0,19.74,2.82,78.96,0,25.38,70.5,75,11587.84,19917.92,21775.06,48243.72,25727.52,24888.28,25439.2,15952.44,10810,1906,41347.42,2021,38753.74,34604.98,48098.12,46976.88,38011,56699.32,69018,83241.89,144883.82,121964.49,64173.8,55102.58,58222.71,26473.2000000001,3189.35,19199.39,17018.68,12627.7404
"111","Milkfish, Nile tilapia, Scad","Indonesia",21709.74,0,0,0,0,0,0,0,0,0,0,0,0,0,0,0,0,0,0,0,0,0,0,0,0,0,0,0,0,0,0,0,0,0,0,0,0,0,0,0,0,0,21709.74,0,0
"112","Marine fish, Fish","Iran",120785.71,0,0,0,0,0,0,0,0,0,0,0,0,0,0,0,0,0,0,0,0,0,0,0,0,0,0,2321,4849,3662,10449,11791,5598,7742,2861,1070,840,569,333.5,238.25,2544.75,22331.75,24513.75,9987,9084.71
"113","Rainbow trout, Silver carp, Black and Caspian Sea sprat","Iran",2832.50351859677,0,0,0,0,0,0,0,0,0,0,0,0,0,0,0,0,0,0,0,0,0,0,0,0,0,0,0,0,0,0,0,0,0,0,70.6699104710005,175.341605140454,1093.5035161903,0,702.939863132494,710.158708351681,0,0,0,79.8899153108358
"114","Rainbow trout, Silver carp, Skipjack tuna","Iran",33575,0,0,0,0,0,0,0,0,0,0,0,0,0,0,0,0,0,0,0,0,0,0,0,0,0,0,0,0,0,0,0,0,0,0,0,0,0,22480,0,0,4480,6056,559,0
"115","Skipjack tuna, Longtail tuna, Yellowfin tuna","Iran",93601.4516814032,0,0,0,0,0,0,0,0,0,0,0,0,0,0,0,0,0,0,0,0,0,0,0,0,0,0,0,0,0,0,0,0,0,0,1554.170089529,5151.47839485954,11149.3064838097,7074.23,19897.4701368675,18413.6012916483,3522.4,2985.79,9693.6,14159.4052846892
"116","Atlantic herring, Tuna, Atlantic horse mackerel","Ireland",87.26,0,0,0,40.02,0,0,0,0,0,0,0,0,0,0,0,0,0,0,0,0,0,0,0,0,0,0,0,47.24,0,0,0,0,0,0,0,0,0,0,0,0,0,0,0,0
"117","Atlantic mackerel, Blue whiting, Boarfish","Ireland",350952.81977016,15263,169.76,19514,0,8859.32,9037.1,10996.6,31589.35,41119.6292094295,35719.0320386243,28136.85,18929.48,24731,7257,5458,3869.25,6576.91169180114,6,233,3785.47,3117.3,2057.16,6883.28,11417.25,7824.5,7548.25,4447.25,8635,4757.5,3599.75,1755.25,1014.66,2306.5,2032.5,7975.5,3401.46,528.53,0,0,400.42683030474,0,0,0,0
"118","Freshwater fish, Fish","Ireland",5240.5,0,0,0,0,0,0,0,0,0,0,0,0,0,0,0,0,0,0,0,0,0,0,0,0,0,0,0,0,0,0,0,0,0,0,0,0,1041.75,285.5,1726,857,819.25,511,0,0
"119","Marine fish, Fish","Ireland",689174.977918245,0,7931.76,0,7914.72,9803.97,11125.85,2633.21,18646.97,16271.56,3428.57,2627,866,487,14094,659,5173.56389563929,2480.91949788748,24091.7,2144.5,2195,24356.2,25927.6887592118,16067.4007338076,13735.8494845938,10886.9148741752,15645.2419369456,38366.1025966428,22071.3550614955,38602.8847847755,11599.5035278321,9724.64987962402,10697.6332993534,12556.0913225514,19317.9247639502,33250.940888454,10117.2890044369,44765.2841617737,37320.1926586937,29448.2476426566,30397.9701142019,18027.9504046243,28340.9937268814,34515.8029954775,20859.5719025591
"120","Northern pike, Atlantic salmon, Rainbow trout","Ireland",6609.18830819886,0,0,0,0,0,0,0,0,0,0,0,0,0,4267.38,2339.92,0,1.88830819886002,0,0,0,0,0,0,0,0,0,0,0,0,0,0,0,0,0,0,0,0,0,0,0,0,0,0,0
"121","Marine fish, Fish","Israel",4196,0,0,0,0,233,220,300,1330,488,600,470,555,0,0,0,0,0,0,0,0,0,0,0,0,0,0,0,0,0,0,0,0,0,0,0,0,0,0,0,0,0,0,0,0
"122","Marine fish, Fish","Italy",1329.5,60,14,5,7,1,1,0,0,0,0,0,0,13,0,45,126.5,34,0,0,52,195,301,219,197,21,8,30,0,0,0,0,0,0,0,0,0,0,0,0,0,0,0,0,0
"123","Marine fish, Fish","Ivory Coast",1449349.21,0,0,0,0,0,39267.08,31023.56,37022.3,0,38310.58,25536.28,26696.6,31875.24,45313.04,47791.12,45608.68,34538.48,0,0,0,0,94793.48,76008.2399999999,48833.6599999999,82288.6799999999,51939.34,58162.02,46287.6,73618.34,32525.58,35967.8,47129.94,40053.1,25948.14,45343.32,23506.3,46287.28,46486.16,36313.68,53275.88,51196.26,29359.89,262.5,779.06
"124","Marine fish, Fish","Japan",15789.9,0,0,0,0,0,0,0,0,0,0,0,0,0,0,0,0,0,0,0,0,0,181,110,0,107,0,0,0,0,0,0,0,0,0,0,473,0,0,0,0,0,6549,8258,111.9
"125","Black and Caspian Sea sprat, Freshwater bream, Pike-perch","Kazakhstan",2846.98,0,0,0,0,0,0,0,0,0,0,0,0,0,0,0,0,0,0,0,0,0,0,0,0,0,0,0,0,0,0,0,0,0,0,0,0,654,516,258,216,617,489,60,36.98
"126","Freshwater bream, Herring, Sardine and sardinella and sprat","Kazakhstan",301066.6557,0,0,0,0,0,0,0,0,0,0,0,0,0,0,0,0,0,0,8937.34,12544.57,7714.14,3409.81,0,0,278.28,15066.35,19665.2,26297.56,27194.06,28345.06,20602.21,29965.07,32196.46,33838.68,14245.07,5670.07,0,728.809999999999,0,1704.58,4954.42,1444.34,3382.22,2882.3557
"127","Marine fish, Fish","Kazakhstan",5266.79012680875,0,0,0,0,0,0,0,0,0,0,0,0,0,0,0,0,0,0,0,0,136.12,0,0,0,682.760126808751,356,603,222,158.43,189.44,0,490.63,185.1,191,127,1338.81,308,0,0,0,0,278.5,0,0
"128","Marine fish, Fish","Kenya",10979.7457142857,0,0,0,0,0,0,0,0,0,0,0,0,0,0,0,0,0,0,0,0,0,64.0000000000001,2,0,0,0,0,24,0.885714285714286,0,191,300,3852.08,1744.46,1164.42,0,1577.34,0,2059.56,0,0,0,0,0
"129","Nile perch, Nile tilapia, Silver cyprinid","Kenya",25747.9413712936,0,0,0,0,0,0,0,0,0,0,0,0,0,0,0,0,0,0,0,0,0,0,0,0,0,0,0,0,2001.89923664122,2187.14683192261,1740.90336356765,3658.83,4388.11244879786,4735.80707407407,3452.82007329587,1711.44891810919,1254.7342994012,616.239125483945,0,0,0,0,0,0
"130","Tuna, Mackerel, Tuna","Kenya",10279.7908601484,0,0,0,0,0,0,0,0,0,0,0,0,0,0,0,0,0,0,0,0,0,0,0,0,0,0,0,0,1880.23076335878,1609.81316807739,1673.79663643235,1345.27,760.787551202137,1129.54292592593,682.059926704129,475.261081890812,408.385700598802,177.660874516056,0,91.9822314420274,45,0,0,0
"131","Marine fish, Fish","Kiribati",626,0,0,0,0,0,0,0,0,0,0,0,0,0,0,0,0,0,0,463,0,0,0,0,0,0,0,0,0,0,0,0,0,0,0,0,0,0,0,163,0,0,0,0,0
"132","Skipjack tuna, Snapper and jobfish, Yellowfin tuna","Kiribati",384.66,0,0,0,0,0,0,0,0,0,0,0,0,0,0,0,0,0,0,0,0,0,0,0,0,0,0,0,0,0,0,0,0,0,19.8999999999999,234.24,130.52,0,0,0,0,0,0,0,0
"133","Herring, Mackerel, Sardine and sardinella and sprat","Kyrgyzstan",1295.1602,0,0,0,0,0,0,0,0,0,0,0,0,0,0,0,0,0,0,0,0,0,0,0,0,0,0,0,0,0,0,0,0,0,0,0,0,0,0,0,0,0,0,0,1295.1602
"134","Atlantic herring, Chilean jack mackerel, Jack and horse mackerel","Latvia",219419.13836963,0,0,0,0,0,0,0,0,0,0,0,0,0,0,0,0,0,1964.54948753089,2319.25844349336,6873.02070548619,25777.43516578,33614.7091230316,18507.3073068005,19575.3239532226,24609.1468160608,35099.5722103013,575.77,20730.8876421521,2186.43,1941.29,3930.29,874.88,4553.80190140391,5403.4264789791,4375.23061854223,745.896060505765,2491.28245633985,0,0,0,148.42,1752.11,1369.1,0
"135","Common carp, European smelt, Freshwater bream","Latvia",177630.57163037,0,0,0,0,0,0,0,0,0,0,0,0,0,0,0,0,0,14.0805124691061,0.891556506639491,2.3892945138119,12.8748342199894,35.9008769683779,28.2126931994798,31.8360467774027,146.173183939167,1193.50778969869,25473.21,4789.78235784791,33676.08,32475.05,32321.22,21216.47,18794.1380985961,6817.8435210209,370.459381457774,90.6839394942338,139.767543660151,0,0,0,0,0,0,0
"136","Marine fish, Fish","Latvia",1808332.00275107,0,0,0,0,0,0,0,0,0,0,0,0,0,0,0,0,0,0,6849.46,20143.36,18465.32,94343.4,86209.36,82919.84,102493.94,160139.14,144500.86,113773.24,97035.28,77838.92,77035.56,61450.08,65587.96,33612.56,44335.38,48019.56,96718.2700000001,103296.936808727,91233.1156035924,55008.76,23671.9190510326,37349.1285586695,35623.5107290406,30677.142
"137","Rainbow trout, Carps and eels and snakeheads, Common carp","Lesotho",4.6066066066066,0,0,0,0,0,0,0,0,0,0,0,0,0,0,0,0,0,0,0,0,0,0,0,0,0,0,0,0,0,0,0,0,0,0,0,0,0,0,0,0,4.6066066066066,0,0,0
"138","Sardine and sardinella and sprat, South African pilchard, Herring","Lesotho",3.06339339339339,0,0,0,0,0,0,0,0,0,0,0,0,0,0,0,0,0,0,0,0,0,0,0,0,0,0,0,0,0,0,0,0,0,0,0,0,0,0,0,0,3.06339339339339,0,0,0
"139","Marine fish, Fish","Libya",827,0,0,0,0,0,0,0,0,0,0,0,0,0,0,0,0,0,0,0,0,0,56,0,0,0,0,0,0,4,0,0,0,376,0,0,0,0,113,22,0,256,0,0,0
"140","Round sardinella, Skipjack tuna, Tuna","Libya",11.5,0,0,0,0,0,0,0,0,0,0,0,0,0,0,0,0,0,0,0,0,0,0,0,0,0,0,0,0,0,0,0,0,0,0,0,0,0,0,0,0,0,11.5,0,0
"141","Common carp, Freshwater bream, Roach","Lithuania",3721.02760025666,0,0,0,0,0,0,0,0,0,0,0,0,0,0,0,0,3705.9,0,15.127600256657,0,0,0,0,0,0,0,0,0,0,0,0,0,0,0,0,0,0,0,0,0,0,0,0,0
"142","Freshwater fish, Fish","Lithuania",77.0245823340515,0,0,0,0,0,0,0,0,0,0,0,0,0,0,0,0,0,0,0,0,0,0,0,77.0245823340515,0,0,0,0,0,0,0,0,0,0,0,0,0,0,0,0,0,0,0,0
"143","Marine fish, Fish","Lithuania",120306.283560579,0,0,0,0,0,0,0,0,0,0,0,0,0,0,0,0,0,0,325.94,15769.5,0,2545.66,178,1469.05286949006,0,0,131.72,408.29,157.37,578.25,377.32,92.5,184.25,2895.06415536375,6407.33,5388.05,7096.66,7183.3,6610.96,13291.96,15597.68,13073.363496289,8202.63743943575,12341.4256
"144","Round sardinella, Jack and horse mackerel, Chilean jack mackerel","Lithuania",18826.2160199816,0,0,0,0,0,0,0,0,0,0,0,0,0,0,0,0,14651,0,2804.56239974334,0,0,0,0,0,0,0,0,0,0,0,0,0,0,0,0,0,0,0,0,0,0,0,177.86,1192.79362023833
"145","Carps, Nile tilapia, Shark and ray and skate","Madagascar",47.7,22.34,11.68,13.68,0,0,0,0,0,0,0,0,0,0,0,0,0,0,0,0,0,0,0,0,0,0,0,0,0,0,0,0,0,0,0,0,0,0,0,0,0,0,0,0,0
"146","Marine fish, Fish","Madagascar",316231.72,0,0,0,0,0,0,0,0,0,0,0,0,0,0,0,0,2898.22,7458.68000000001,19181.16,23976.82,27566.8,0,19398.36,18248.7,10747.96,21899.56,13299.68,28750.2,30489.46,6995.44000000001,13595.06,8826.46,3865.75999999999,0,8179.91999999999,7724.6,3334.58,2731.76,4405.88000000001,8269.36,5007.58,8856.42000000001,10523.3,0
"147","Lake Malawi sardine, Nile tilapia, Tilapia","Malawi",26.82,0,0,0,0,0,0,0,0,0,0,0,0,0,0,0,0,0,26.82,0,0,0,0,0,0,0,0,0,0,0,0,0,0,0,0,0,0,0,0,0,0,0,0,0,0
"148","Freshwater fish, Fish","Malaysia",14083.39,0,0,0,0,0,0,0,0,0,0,0,0,0,0,0,0,0,0,0,0,0,0,0,0,0,0,69,122,219,409,3589,407,463,374,195,572,1091,1199.04,778.38,1895.65,1329.12,869.39,501.81,0
"149","Indian mackerel, Indian scad, Anchovy","Malaysia",2582.1,0,0,0,0,0,0,0,0,0,0,0,0,0,0,0,0,2582.1,0,0,0,0,0,0,0,0,0,0,0,0,0,0,0,0,0,0,0,0,0,0,0,0,0,0,0
"150","Marine fish, Fish","Malaysia",49554.4165150257,3578.96,0,0,4548.46,2693.34,6645.66,3623.6,3345.88,5.64,2.82,5.64,910.86,3632.18000000001,1321.69651502564,1314.28,1253.9,24.9799999999998,2878.58,2238.96000000001,958.8,5957.58000000001,1320.82,348.98,5,0,0,16,0,0,0,1411.8,0,1176,334,0,0,0,0,0,0,0,0,0,0
"151","Marine fish, Fish","Mali",531.5,0,0,0,0,0,0,0,0,0,0,0,0,0,0,0,0,0,0,0,0,0,0,0,0,0,0,521.5,0,0,0,0,0,0,0,0,0,10,0,0,0,0,0,0,0
"152","Marine fish, Fish","Malta",4989.22620803816,0,0,0,0,0,0,0,0,0,0,0,0,0,0,0,0,0,0,0,0,0,103,0,0,0,97,10,17,24,154,0,0,0,0,44.5,858.400000000001,0,0,0,1845.11,1105.04620803816,0,155.92,575.25
"153","Emperors, Mackerel, Sardine and sardinella and sprat","Mauritius",1780.38,0,0,0,0,0,0,0,0,0,0,0,0,0,0,0,0,0,0,0,0,0,0,0,0,0,0,0,0,0,0,0,0,0,0,0,0,0,0,0,0,0,1780.38,0,0
"154","Marine fish, Fish","Mauritius",855215.0371,0,474.74,0,0,0,0,0,303.440000000001,763.299999999999,1642.78,0,0,1771.96,0,0,406.88,0,4120.14,2876.7,7981.92,11090.12,13552.04,6026.04000000001,14979.88,15359.86,30130.8,22177.44,43026.68,35525.4,36369.24,39377.74,57463.4,25719.52,37975.9200000001,59751.36,28927.5600000001,56877.1,40013.76,52059.69,50868,49576.2600000001,33484.61,42152.86,32387.8971
"155","Freshwater fish, Fish","Mexico",1162.5,6,263,0,0,105,0,0,36,29,0,0,4,0,0,0,0,0,0,0,0,0,0,0,0,0,0,0,0,0,0,0,0,0,0,0,0,110,143,204,73.5,146,43,0,0
"156","Marine fish, Fish","Mexico",36804.3689203855,0,0,0,0,0,0,0,0,0,0,0,0,0,0,0,5,0,0,18,0,0,0,0,0,0,0,1892.44531770512,2329.28721255557,2977.75999999999,0,0,0,0,0,0,0,1357.76469834341,4631.90932635352,6542.20952093915,361.8,0,1559,8625.62954583513,6503.56329865359
"157","Marine fish, Fish","Moldova",100,0,0,0,0,0,0,0,0,0,0,0,0,0,0,0,0,0,0,100,0,0,0,0,0,0,0,0,0,0,0,0,0,0,0,0,0,0,0,0,0,0,0,0,0
"158","Atlantic chub mackerel, European pilchard, Jack and horse mackerel","Morocco",51752.51,1966.26,0,0,0,0,0,0,0,0,0,0,0,0,15629.96,14093.5,6640.28,0,0,0,0,0,0,0,0,0,0,13422.51,0,0,0,0,0,0,0,0,0,0,0,0,0,0,0,0,0
"159","Carps, Shad, Silver carp","Morocco",2757.07,0,0,0,0,0,0,0,0,0,0,0,0,0,0,2757.07,0,0,0,0,0,0,0,0,0,0,0,0,0,0,0,0,0,0,0,0,0,0,0,0,0,0,0,0,0
"160","Freshwater fish, Fish","Morocco",52811.1900471654,9,42.88,0,53.52,0,0,0,96.4,25.86,0,0,0,30.56,0,11.3485714285714,0,0,6214.58,5786.50793650794,5423.78048780488,5885,4610.55319148936,3742.55319148936,4175.75757575758,3987.28535353535,2607.71653543307,2250.17421602787,1311.42857142857,944.394618834081,913.920922570016,812.691652470187,594.48152866242,921.713129082712,659.205500381971,410.021398002853,212.044745057232,263.106346483705,137.912891986063,608.000370782351,26.4879674194743,32.3608445297505,0,0,9.94249999999999
"161","Marine fish, Fish","Morocco",266454.379452835,0,0,0,0,196.54,945.5,0,0,0,3970.08,1994.04,5531.38,6913.48,8425.9,6425.19142857143,3691.06,1954.34,7991.2,13270.3720634921,5228.56951219512,7139.66,874.846808510638,729.946808510638,991.742424242424,11402.6546464646,1539.03346456693,17127.0557839721,24719.7914285714,12140.0053811659,10361.81907743,10916.7683475298,6700.97847133758,18116.8668709173,22129.214499618,2464.22860199715,2726.44525494277,2804.71365351629,10838.1271080139,12096.8096292176,1464.01203258053,1935.79915547025,11365.98,1167.5,8162.727
"162","Marine fish, Fish","Mozambique",7431.23,0,0,0,0,0,0,0,0,0,0,0,0,0,0,0,0,0,0,0,1204,0,0,0,0,0,497,629,785,401,810,914,351,551,178,94,203,214,189,98,0,0,63,114,136.23
"163","Cape horse mackerel, Shallow-water Cape hake, South American pilchard","Namibia",412407.597578382,0,0,0,0,0,0,0,0,0,0,0,0,0,0,0,0,0,0,0,1061.67162403331,2016.53865329077,0,14807.2464844804,3026.85135523614,15225.0817255582,38811.120686738,39624.307690921,32160.5039457568,55279.3411826618,11298.5898692992,33903.8383670983,47850.3724454492,51096.1335478587,51,1624.75,7708.25,11166,7249.75,7999.5,7734,5604.5,6294.25,5269,5545
"164","Freshwater fish, Fish","Namibia",2071.50672962591,0,0,0,0,0,0,0,0,0,0,0,0,0,0,0,0,0,0,0,0,0,0,0,0,0,0,0,0,0,0,0,0,0,0,0,0,977.458875397514,0,0,960.546930560215,126.097478613237,0,7.40344505494504,0
"165","Marine fish, Fish","Namibia",136946.357669118,0,0,0,0,0,0,0,0,0,0,0,0,0,0,0,0,0,0,0,0,0,2240,0,36.8,3506,2023,2298.08,6569.92,201.8,551.8,45,1792,2261.82,4728.32,5947.16,5649,8989.78112460249,2135.56,15408.86,9081.72306943979,28976.7125213868,4627.86119874433,20739.0365549451,9136.1232
"166","Nile tilapia, Three spotted tilapia","Namibia",1103641.35672162,0,0,0,0,0,0,0,0,0,0,0,0,0,0,0,0,0,0,0,333.328375966687,445.661346709226,0,3016.77351551957,347.60864476386,7408.91827444179,38830.439313262,19532.882309079,18623.9160542432,21994.5488173382,40615.9801307008,7466.11163290165,7635.11755455082,24898.9164521414,115538.22,146906.35,140446.76,124703.4,108416.23,77054.37,100052.75,47977.81,30249.61,11003.48,10142.1743
"167","European eel, North African catfish, European smelt","Netherlands",216.21344967907,0,0,0,0,0,0,0,0,0,0,0,0,0,0,0,0,0,0,216.21344967907,0,0,0,0,0,0,0,0,0,0,0,0,0,0,0,0,0,0,0,0,0,0,0,0,0
"168","European plaice, Round sardinella, Atlantic herring","Netherlands",590354.120050321,27424.5,24492.5,30333.25,37778.75,36644.68,39595,54532.75,42004.25,68162,64589.27,65810.72,11936.96,8706.76,2332.66,3512.85,28,53,8952.59,326.666550320929,0,0,0,0,0,0,0,302.25,204,8223.73,2627.21,813.25,1122.5,0,538.5,0,0,0,0,0,8423.27,8008.45,11604.92,8386.3,12882.5835
"169","Freshwater fish, Fish","Netherlands",74370.3138777036,0,9,15,16,1,0,6,0,41,37,15,0,0,0,0,244,0,523,4205,431,59,30,8,0,1096.2402954262,0,0,0,0,0,0,0,6,15,10117.25,17115,3304.75,7720.75,9044.25,7005.25,946.75,5808.42858227743,3336.5,3214.145
"170","Marine fish, Fish","Netherlands",992553.968133452,7852.28,11566.4,3223,3054,0,0,14644.69,8414,23152.05,3781.14999999999,28441.1413205853,27545.9821360936,10997.5470678522,20836.3639987769,34672.4331053566,9902.43654540077,36943.9341905215,2853.53558252644,2244.13194466271,14430.3120473186,17766.9101871993,61266.744379522,80710.161804578,32733.8463204922,19692.6857897502,5825.5,11057.4385924358,23603.3209233798,58991.952171821,9808.28411456383,34616,9495,1074.75,43267.5805882353,191.5,2885.44,1743.9471498078,2013.23076698545,50735.1972489068,16697.5209524381,81911.9352603384,16419.01,32613.5519678693,112877.071976034
"171","Marine fish, Fish","New Caledonia",341.415,0,0,0,0,0,0,0,0,0,0,39.435,0,69,0,0,0,0,0,232.98,0,0,0,0,0,0,0,0,0,0,0,0,0,0,0,0,0,0,0,0,0,0,0,0,0
"172","Blue grenadier, Orange roughy, Pink cusk-eel","New Zealand",854408.775321003,4236.50459434822,5023.00096671949,6386.76,10272.0137861373,7801.8555139057,6784.94,6854.39,6014.88,10428.58,13333.63,11402.51,9058.6,13484.59,11137.7,11618.23,16935.31,16370.09,20767.41,22638.18,21636.35,46333.2706693949,46869.1652904972,46379.73,45199.89,37177.76,34959.87,39925.94,31399.42,31690,26413.07,32437.48,22435.73,15239.99,20188.11,28913.96,18515.48,12163.99,13266.03,11070.01,11086.4,11390.82,13121.43,13436.51,12609.1945
"173","Chinook salmon, Short-finned eel, Brown bullhead","New Zealand",1424864.758079,2182.31540565178,3799.05903328051,5463.81,2365.7362138627,12799.2744860943,20571.76,26073.41,30474.01,31471.21,35209.09,40302.18,34509.99,46779.68,62335.41,60631.84,60535.06,53162.81,49267.58,50101.18,52812.23,4332.89933060515,7805.95470950279,45622.06,50549.69,44848.83,43286.58,47520.28,40171.42,40571.76,37519.84,34112.2,30767.13,24397.49,24977.7,31270.31,23999.83,32322.54,36496.97,20289.14,21000.14,21049.71,32138.11,24268.3,24698.2389
"174","Marine fish, Fish","New Zealand",213475.475433186,313,1049.08,2254.75,8320.75,17903.25,15652.6256287425,7188.5,7229,7470.75,7793.75000000001,11499.75,6245.54652466368,28156.0837438424,3923.42683649289,3485.8034965035,9609.02202361953,12306.4314684792,8121.26540719002,11234.0862970711,4916,9639.80085314417,6019.00146824398,466,0,658,352,1507,850,308,1217,1239,1232,432,290,2618.427496149,546,542,2868.77348558471,3399.25518874043,655,904.272737642586,1400.9681453921,704.242887794024,953.86174389002
"175","Freshwater fish, Fish","Nicaragua",195.250000000001,0,0,0,0,0,0,0,0,0,0,0,0,0,0,0,0,0,0,0,0,0,0,151.75,43.5,0,0,0,0,0,0,0,0,0,0,0,0,0,0,0,0,0,0,0,0
"176","Marine fish, Fish","Nicaragua",67,0,0,0,0,0,0,0,0,0,0,0,0,0,0,0,0,0,0,0,0,0,0,0,0,0,0,0,0,0,0,0,0,0,0,0,54,0,13,0,0,0,0,0,0
"177","Pilchards Sardinops spp, Skipjack tuna, Yellowfin tuna","Nicaragua",16862.9010409698,0,0,0,0,0,0,0,0,0,0,0,0,0,0,0,0,0,0,393.355471923536,622.25,116.415896930442,1054.76365244537,604.86,58.75,26.75,893.06,0,141.5,341.164724409449,0,339.365185185185,909.61,963,1369.5,1573,525.5,1186.31749633968,1501,1187.5,475.518003207698,588.938687952777,447.5,528.75,1014.53192257571
"178","Snook, Blue tilapia, Tilapia","Nicaragua",12217.6566310918,0,0,0,0,0,0,0,0,0,0,0,0,0,0,0,0,0,0,0,1957.69,0,132.026347554631,142.93,0,0,0,0,435.14,250.355275590551,0,3.05481481481481,1150.03,656.57,1473,1140.23,1158.53,43.8325036603221,613.51,1051.43,0,5.45131204722297,959.01,864.66,180.206377424295
"179","Salmonids, Sardine and sardinella and sprat, Cod and hake and haddock","Niger",2906.49288686227,0,0,0,0,0,0,0,0,0,0,0,0,0,0,0,0,0,0,0,0,0,0,0,0,0,99.4328868622664,0,0,0,0,0,0,0,0,0,0,1038.61,0,1768.45,0,0,0,0,0
"180","Marine fish, Fish","Nigeria",1352,0,0,0,0,0,0,0,0,0,0,0,0,0,0,0,0,0,0,0,0,0,0,0,0,0,0,0,0,0,0,0,0,5,0,0,0,0,0,0,0,0,0,1347,0
"181","Marine fish, Fish","North Korea",133866.795716111,536,662,1807,1382,1674,3002,1501,1188,1661,779,2098.46,547,12,320,0,0,0,26648.62,30604.9,27631.56,3969.58,4784.44,3697.64,2476.74,679.88,0,0,0,0,1542.92,210,0,0,0,0,517,0,25.5,1703.75,467.5,82,0,0,0
"182","Atlantic herring, Blue whiting, Capelin","Norway",2480678.8148,66035.69,92528.99,86389.85,74193.67,57905.68,60254.58,50475.55,49076.35,50336.03,46540.86,48694.2,42136.01,40813.13,42482.01,70833.29,42594.66,36290.81,40627.82,47863.6,65640.39,48263.16,23927.95,14440.54,26983.11,13411.99,18094.05,21198.44,52815.72,13481.09,0,8.34999999999798,0,0,0,44277.93,81437.01,70422.69,63399.37,116667.63,128092.49,81773.98,216948.9,184426.15,148895.0948
"183","Marine fish, Fish","Norway",491008.849323008,12025.84,12571.6031748702,18024.7192288905,11307.7549626855,3248.12,11144.9,11648.66,13916.03,1604,1408,1352,1920.12769839959,4060,12050.98,11967.18,11271.98,38243.0225941243,28608.88,7765.28,17202.06,2679,28122.08,1095,4710.24000000005,8595.91485436889,1633.08975606394,3926.11826423786,10520.3865949821,1194.82669310991,1132.07074934132,723,8847.79999999999,6717.89,626.14,8742.57792961124,1387.27268319906,4173.46460212669,27275.15,609.456011360043,6017.31191975405,402.514705882353,45572.68,67612.16,17351.5669
"184","Freshwater fish, Fish","Oman",1247.6,0,0,0,0,0,0,0,0,0,0,0,0,0,0,0,0,0,0,0,0,0,0,0,0,0,0,26,0,591.6,0,0,0,0,477,153,0,0,0,0,0,0,0,0,0
"185","Indian oil sardine, Pelagic fish, Yellowfin tuna","Oman",583280.795630899,0,0,0,3637.56,5916.66,3323.42,7187.88,9226.64,8666.8,10374.54,15619.94,6398.32,31645.34,25104.96,30247.18,8018.21,1274.89,1982.5,11106.72,33379.26,9493.44,27670.34,11680.17,14431.43,17416.96,0,1523.18,2698.46,7838.84,0,14720.04,3731,9571.42,26386.88,57982.21,30735.15,17412.84,30913.59,17019.8634966845,30766.26,21203.8228342143,412,16339.89,222.1893
"186","Marine fish, Fish","Oman",326834.242159031,0,0,0,0,0,0,0,0,0,0,0,0,39.48,33.84,33.84,231.24,214.32,236.88,138.18,186.12,284.82,699.36,191.76,126.9,375.06,4862,10376.14,10285.94,50280.9799999999,30586.68,17415,13082,18526.4054203799,10975.12,2448.19462925031,210,1023,416.676309400826,6650.7,292.48,27493.38,41482.72,38412.28,39222.7458
"187","Nile tilapia, Carps, Tilapia","Oman",16738.9129691013,0,0,0,0,0,0,0,0,0,0,0,0,0,0,0,0,0,0,0,0,0,0,0,0,0,0,0,0,0,0,0,0,0,0,0,0,0,0,782.136503315543,0,802.727165785742,0,0,15154.0493
"188","Indian oil sardine, Sea catfish, Blacktip shark","Pakistan",780034.918644693,0,0,0,0,0,0,0,0,0,0,0,0,0,0,0,0,0,0,0,0,0,0,0,0,0,0,0,0,0,5372.54929075164,0,14256.2274983494,26908.9751302454,19951.3066554763,40262.4641273921,44071.6603081054,54144.1865715748,71695.0951632947,61139.0337140494,45491.3390743583,67893.0902381444,96057.8295820405,111315.81745287,121475.343838041
"189","Marine fish, Fish","Palau",427.16,0,0,0,0,0,0,0,0,0,0,0,0,0,0,88,0,0,0,0,19.56,0,184.8,57,0,0,0,0,0,0,34.8,43,0,0,0,0,0,0,0,0,0,0,0,0,0
"190","Fish","Panama",141005.576243047,0,0,0,0,0,0,0,0,0,0,0,0,0,0,0,0,0,0,0,0,0,0,40,0,3,0,0,0,16785.8133333333,21443.6526732366,19187,16708.2709677419,14801.3984235952,9743.88437106642,11620.7122425805,5709.79894671623,8471.54386253121,11287.1824324324,2970.52489848653,1918.95065752527,173.396561343003,69.1968996945139,22.3223356512305,48.9276371126942
"191","Marine fish, Fish","Panama",215709.705356953,0,0,0,0,0,0,0,0,0,0,0,0,0,0,0,0,0,0,0,0,6,9806.12,15958.26,16133.6,16869.58,17362.06,14848.06,19222.76,5764.96666666667,3022.8673267634,57,801.729032258064,11412.6415764048,15845.8956289336,12688.6277574195,6535.60105328376,1385.89613746879,2959.55756756757,12622.4451015135,12427.0793424747,9933.753438657,4246.37310030549,3175.57766434877,2623.25396288731
"192","Pacific anchoveta, Pacific thread herring, Skipjack tuna","Panama",264669.8,0,0,0,0,0,0,0,0,0,0,0,0,0,0,0,0,0,846.7,0,287.92,0,0,0,0,17803.92,4525.66,6343.6,19531.39,11718.68,27718.6,32366.81,34018.65,37721.49,36934.47,11026.47,4876.83,0,0,4169.3,7058.32,2563.85,3813.52,1343.62,0
"193","Mackerel, Skipjack tuna, Yellowfin tuna","Papua New Guinea",29690.23,0,0,0,0,0,0,0,0,0,0,0,0,0,0,0,0,0,0,0,0,0,0,0,146,0,0,0,0,0,0,0,8928.36,5852.06,0,9931.35,0,1509.6,3322.86,0,0,0,0,0,0
"194","Marine fish, Fish","Papua New Guinea",6798.48000000001,0,544.580000000005,0,522.340000000002,0,0,0,0,0,0,0,0,0,0,0,0,0,247,0,42,0,0,0,63.9,0,1576.04,984.36,326.02,185.7,2,0,835.8,405.74,0,509,420,0,0,0,110,24,0,0,0
"195","Mozambique tilapia, Mozambique sea catfish, Giant gudgeon","Papua New Guinea",6619.93,0,0,0,0,0,0,0,0,0,0,0,0,0,0,0,0,0,0,0,0,0,0,0,0,0,0,0,0,0,0,0,0,0,0,0,0,6619.93,0,0,0,0,0,0,0
"196","Chilean jack mackerel, Chub mackerel, South American pilchard","Peru",268914.141153012,0,0,0,611.848445573632,0,0,0,0,81013,102309,0,0,4110,0,0,0,0,0,763,0,336.64810753227,0,0,0,0,0,0,0,0,0,15461.6979687864,16010.5230695601,8054.09055152073,0,0,31599.6088467733,0,0,0,0,0,8644.72416326531,0,0
"197","Freshwater fish, Fish","Peru",1047.93435714679,0,0,0,0,0,0,0,0,0,0,0,0,0,0,0,0,0,0,0,0,0,0,0,0,0,0,0,0,0,0,0,0,0,0,0,0,1.50824575586095,5.39025147043799,2.4788408415243,8.76744186046512,7.10619776069864,571.45,451.14,0.0933794578021623
"198","Marine fish, Fish","Peru",318764.883356831,1527.04,0,0,4517.12,1041.96,26.6,586.46,7.98,0,0,0,0,462.84,2122.68,2660,0,0,0,0,0,0,0,133,0,0,0,3170.48,1523.12,3309.98,3122.06,8104.51661397737,10421.64,18541.66,25516.42,7195.38,19888.4,40192.3717542441,33419.8297485296,28964.9811591585,28280.3125581395,16684.4338022393,16319.7,19102.7,21921.2177205422
"199","Netted prochilod, Nile tilapia, Rainbow trout","Peru",58304.3288469883,0,0,0,555.791554426371,0,0,0,0,0,0,0,0,0,0,0,0,0,0,0,0,231.841892467728,0,0,0,0,0,0,0,0,0,12432.2220312136,11145.1769304399,11097.9394484793,0,0,20840.9011532267,0,0,0,0,0,2000.45583673469,0,0
"200","Freshwater fish, Fish","Philippines",13372.0575176892,0,0,0,0,0,0,0,0,0,0,0,0,0,0,0,0,0,0,0,0,0,0,0,0,0,0,0,0,0,0,0,0,0,0,0,0,338.364661654135,2805.32775919732,4460.93212851406,1780.3624220837,1523.91062087787,1419.75300296871,1043.40692239337,0
"201","Marine fish, Fish","Philippines",81121.5892369098,0,0,0,0,0,0,0,0,0,0,0,0,0,0,0,0,0,415.858343839036,0,0,0,0,0,0,0,146,0,0.0599999999999454,0,0,0,0,0,0,0,171.76,14377.4353383459,22899.9322408027,4885.06787148594,2482.6375779163,2939.08937912213,31004.4569970313,1799.29148836662,0
"202","Alaska pollock, Atlantic herring, European sprat","Poland",566409.841,0,0,0,0,20050.6,0,17789.34,0,0,0,0,0,0,0,0,0,68113.21,35859.48,68012.74,50894.32,0,0,0,0,0,0,0,0,3237.94,761.93,7863.33,4560.38,10658.39,14813.1,16718.88,13664.96,38169.73,23514.68,25952.24,37068.62,31820.24,29789.04,23016.59,24080.101
"203","Common carp, Freshwater bream, Rainbow trout","Poland",242662.4582,0,0,0,0,0,0,0,0,0,0,0,0,0,0,0,0,0,0,0,3473.83,0,0,0,0,0,0,0,0,0,0,0,0,0,0,5570.98,8993.1,13778.43,4643.32,2040.01,10054.11,23636.6,28080.87,62837.66,79553.5482
"204","Marine fish, Fish","Poland",531067.300338713,0,0,0,0,0,0,0,0,0,0,0,0,0,0,0,0,1269,856,12881.02,6817.86,39285.96,70464.28,4898.82,1344.91,51850.47,64759.28,43334.59,58507.89,2839.28,7123.36,5825.43,5834.27,11020.07,747,8433.87,8463.34999999999,2855.60999999999,15593.952215019,3364.94,9816.78063611994,20668.8,19659.62,39745.18,12805.7074875736
"205","Atlantic cod, Cod, European pilchard","Portugal",14434.37,0,0,0,0,0,0,0,835,1783.61,4705,7110.76,0,0,0,0,0,0,0,0,0,0,0,0,0,0,0,0,0,0,0,0,0,0,0,0,0,0,0,0,0,0,0,0,0
"206","Freshwater fish, Fish","Portugal",1,0,0,0,0,0,0,0,0,0,0,0,0,0,0,0,1,0,0,0,0,0,0,0,0,0,0,0,0,0,0,0,0,0,0,0,0,0,0,0,0,0,0,0,0
"207","Marine fish, Fish","Portugal",132373.005023406,5628.44,1120.62,5399.44,5214.94,5866.44,3035.88,4863.56,2245.74,2998.52,1045.28,3022.77181781117,9264.76477713707,10073.0325152446,6286.02270817631,4585.25,4106.70191791634,889.75,151,0,1778,3033,2441.7,2092.74,2087,141,223,541,1,342.628949301984,1311.29889261196,1068.03194541366,1282.85349584123,487.00401859204,1289.52,2189.83650983669,1969.09230027456,3954.62,2984.02,3472.14,3498.83,3949.20815354189,5545.9253606455,4233.94886106098,6657.4528
"208","Marine fish, Fish","Qatar",6228,0,0,0,0,0,0,0,0,0,0,0,0,0,0,0,0,0,0,0,0,0,0,0,0,0,0,0,0,0,4590,1637,0,0,0,0,1,0,0,0,0,0,0,0,0
"209","Marine fish, Fish","Republic of Congo",14833.28,0,0,0,0,0,0,0,0,0,0,0,0,0,0,0,0,0,0,0,0,0,0,0,0,0,0,0,0,0,0,0,0,0,0,0,0,54.18,0,0,0,4301.3,3047,3047,4383.8
"210","Marine fish, Fish","Reunion",156.46,0,0,0,0,0,0,0,0,0,0,0,0,0,0,0,156.46,0,0,0,0,0,0,0,0,0,0,0,0,0,0,0,0,0,0,0,0,0,0,0,0,0,0,0,0
"211","Alaska pollock, Pacific herring, Pink salmon","Russia",2285127.40038525,0,0,0,0,0,0,0,0,0,0,0,0,0,0,0,0,260008.896848111,553333.98,446364.96,30320.64,489735.65646838,185734.70305754,104299.896451955,91535.3239313383,0,1638.50080428677,47381.1666059077,0,74262.2862177329,320,0,0,0,0,0,0,0,0,0,0,0,0,0,191.39
"212","Common carp, Pacific herring, Pink salmon","Russia",1713180.46961475,0,0,0,0,0,0,0,0,0,0,0,0,0,0,0,0,1667.31315188891,268761.48,415602.04,610725.64,26885.7635316203,145733.91694246,91997.9135480451,133438.706068662,0,121.049195713231,10116.9833940923,0,8129.6637822671,0,0,0,0,0,0,0,0,0,0,0,0,0,0,0
"213","Marine fish, Fish","Russia",1731629.41539069,0,0,0,0,0,0,0,0,0,0,0,0,0,0,0,0,0,0,0,0,0,0,24517.62,6654.37529143689,174123.953233879,226563.171277428,249627.32,343574.46,237692.691255719,8768,3592,561,5039,17781.2068847831,0,0,47859.030623526,55123.0083924167,2712.54999999999,5614.08,77278.5443697874,25906.46,141898.097599233,76742.846462476
"214","Marine fish, Fish","Rwanda",445.5,0,0,0,0,0,0,0,0,0,0,0,0,0,0,0,0,0,0,0,0,0,0,0,0,0,0,0,0,0,0,0,0,0,0,0,0,0,0,0,0,0,0,445.5,0
"215","Freshwater fish, Fish","Saudi Arabia",4477,0,0,0,0,0,0,0,0,0,0,0,0,0,0,0,0,0,0,0,0,0,0,255,113,716,682,563,738,752,638,11,9,0,0,0,0,0,0,0,0,0,0,0,0
"216","Marine fish, Fish","Saudi Arabia",11321.82,0,0,0,0,0,0,0,0,0,0,0,0,0,0,0,0,0,0,0,0,0,0,0,0,0,0,0,0,633.5,1082.88,114.44,0,0,0,0,0,0,723,0,1347,5910,1511,0,0
"217","Salmonids, Tuna, Flatfish","Saudi Arabia",1370,0,0,0,0,0,0,0,0,0,0,0,0,0,0,0,0,0,0,0,0,0,0,0,0,0,0,0,0,0,0,0,0,0,0,0,1370,0,0,0,0,0,0,0,0
"218","Bonga shad, Madeiran sardinella, Round sardinella","Senegal",250313.32147098,0,0,0,0,0,0,3521.91447022243,0,0,150.486803405144,0,27664.28,17945.88,10327.54,0,14787.9063447028,0,0,5142.23717012201,883.242400187592,2178.38743288991,2569.76171457095,3852.36425788944,0,2996.38991929701,2400.02782679272,928.291364467936,777.219999999999,6188.07710158899,3260.32576060972,2057.51896501334,3689.21255580078,18370.5710373654,14739.7698010945,9578.01299848058,12499.0602840236,3071.71339326137,7647.99655254855,33603.6204594112,111.64,244.76,10658.8550738968,8682.54168849062,19783.7160948462
"219","Bonga shad, North African catfish, Tilapia","Senegal",599751.33832902,0,0,0,0,0,0,1970.48552977756,0,0,384.633196594856,0,0,0,0,0,10349.2736552972,0,0,13993.422829878,1605.39759981241,7655.53256711009,8906.14828542906,16623.1057421106,0,9582.83008070299,9455.12217320728,8575.65863553207,26066.04,32405.892898411,16036.6342393903,10624.2510349867,30577.2474441992,28279.6889626346,18771.8901989055,20326.2570015194,13073.3197159764,49332.3866067386,61161.3934474515,33908.5895405888,51935.84,51889.79,13190.8749261032,7547.48831150939,45522.1437051538
"220","Marine fish, Fish","Senegal",1161240.58255058,26172.38,21211,21619.3399999999,21267.84,18810.32,20248.26,27768.04,30551.7,43490.0799999999,27199.0399999999,30035.0400000001,33336.48,15159.78,29008.4600000001,52638.38,64433.62,59167.76,32427.92,32392.1,44192.54,33890.64,35408.44,37230.98,24826.9,20380.28,22209.14,26142.66,30123.04,43726.08,32190.36,30844.66,23890.72,12165.68,15617.28,3001,3072,2944,14601.82,1877.12,6704.3,4839,16948.7322397277,18067.9410032374,49407.72930762
"221","Amberjack and jack and trevally, Skipjack tuna, Swordfish","Seychelles",7355.6654,0,0,0,0,0,0,0,0,0,0,0,0,0,0,0,0,0,0,0,0,291,257,274.3,0,408,372.46,1506,564,261.34,317.68,0,0,0,0,0,185.57,0,0,0,0,0,0,668.54,2249.7754
"222","Marine fish, Fish","Seychelles",860790.02022615,376,317,263,290,339.58,0,100,547,411,502,360,1701.68,7280.54,8004.34,9621.96,10422.52,9251.12,8557.56,13780.52,16717.06,15096.56,30389.4,20159.1599999999,63072.3,64153.2799999999,103459.48,84244.56,24018.22,3863,2681,3414.92162614913,0,22180.92,0,0,61772.7,92002.68,58011.62,0,26318.86,86882.3599999999,1701,0,8525.11859999999
"223","Bobo croaker, Bonga shad, Sardine","Sierra Leone",62416.74,0,0,0,0,0,0,0,0,0,0,0,0,0,0,0,0,0,10069.7,13260,11581.3,11342.14,4397.98,3419.18,5022,1990.44,1334,0,0,0,0,0,0,0,0,0,0,0,0,0,0,0,0,0,0
"224","Marine fish, Fish","Sierra Leone",1235.68,0,0,0,0,0,0,0,0,0,0,0,0,0,0,0,0,0,0,0,0,0,0,101,0,0,0,1134.68,0,0,0,0,0,0,0,0,0,0,0,0,0,0,0,0,0
"225","Freshwater fish, Fish","Singapore",3232.34178683545,0,0,0,0,0,0,0,0,0,0,0,0,0,166,0,0,0,0,0,57,91,0,202,0,0,0,53,464,185,0,0,0,9,0,0,0,854.570406597622,1150.77138023783,0,0,0,0,0,0
"226","Marine fish, Fish","Singapore",177921.208213165,519.04,3412.08,7151.24,4646.72,8405,8066.44,9682.28,9865,9062.92,8348.76,7195.72,5170.04,15916.42,10126.18,25386.36,12949.76,0,137.4,0,530,730.18,226,10425.92,3692,2026.46,8535.86,2595,0,70.44,0,0,0,0,0,108.64,0,792.649593402378,1430.69861976217,0,10,48,658,0,0
"227","Freshwater fish, Fish","Slovakia",77,0,0,0,0,0,0,0,0,0,0,0,0,0,0,0,0,0,0,0,0,15,24,38,0,0,0,0,0,0,0,0,0,0,0,0,0,0,0,0,0,0,0,0,0
"228","Marine fish, Fish","Slovakia",37.79,0,0,0,0,0,0,0,0,0,0,0,0,0,0,0,0,0,0,0,0,37.79,0,0,0,0,0,0,0,0,0,0,0,0,0,0,0,0,0,0,0,0,0,0,0
"229","European pilchard, Tuna, Argentine hake","Slovenia",276.16,0,0,0,0,0,0,0,0,0,0,0,0,0,0,0,0,0,0,276.16,0,0,0,0,0,0,0,0,0,0,0,0,0,0,0,0,0,0,0,0,0,0,0,0,0
"230","Marine fish, Fish","Slovenia",34909.4958,0,0,0,0,0,0,0,0,0,0,0,0,0,0,0,0,1060.1,0,0,0,0,5.6400000000001,1246.26,1318.02,1601.07999999999,1487.8,1904.32,1732.06,2229.89,2165.84,600.39,1454.56,1309.5,1185,149.32,1355.2,1531.62,2165.72,2003.12,2027.57,1884.84,1448.16,1973.21,1070.2758
"231","Albacore, Skipjack tuna, Yellowfin tuna","Solomon Islands",7807.6162,0,0,0,0,0,0,0,0,0,0,0,0,0,0,0,0,0,0,0,0,0,0,0,0,0,0,0,0,0,0,0,0,0,0,0,0,0,0,0,0,0,0,4303.1,3504.5162
"232","Marine fish, Fish","Solomon Islands",195138.74,0,28.8600000000006,0,2312.26,2144.02,4789.32,444.240000000002,0,3788.16,3999.42,3718.8,6403.5,5731.46,3699.94,4491.54,20360.64,19746.18,11959.18,19958.92,21591.14,16012.26,18323.34,9382.86,6192.7,7891,0,0,0,0,0,0,0,0,0,0,0,0,0,0,0,0,2169,0,0
"233","Freshwater fish, Fish","South Africa",1600.72586067884,0,0,0,0,0,0,0,0,0,0,0,0,0,0,0,0,0,0,0,0,14,0,0,0,0,0,0,26,0,0,0,0,0,0,0,0,0,59,0,0,0,381.823493975904,757.7,362.202366702938
"234","Marine fish, Fish","South Africa",56838.5729516658,0,0,0,0,0,0,0,0,0,0,0,0,0,0,0,11,2,1087,1679,3225,1378,832,1962.04383753486,5087.79940849894,4410.15361669333,2952.6,866,469,475,7268.86634389621,11725.3797098611,7361.76,56.6,510,230,1864.56,7.32,500.975895860283,1224.42,5.00000000000005,448,488.876506024096,364.5,345.717633297062
"235","Mullet, Rainbow trout, Tilapia","South Africa",425284.491145062,0,0,0,0,0,0,0,0,0,0,0,0,0,0,17706.53,31853.5,22025.77,24449.1,25916.51,25228.78,22658.03,28672.16,37674.5,32134,38611.21,42859.13,41921.56,3156.60372712755,1926.98886498598,2050.5000778575,462.881685061525,1440.76602810339,2396.05725663897,5227.25635230902,5565.93554133938,7253.74755829569,2024.78851721569,1524.04667228615,0,0,544.138863841298,0,0,0
"236","Shallow-water Cape hake, South American pilchard, Southern African anchovy","South Africa",331079.188854938,0,0,0,0,0,0,0,0,0,0,0,0,0,0,5322.74,5504.08,4978.48,9079.66,13900.62,7122.16,5729.38,1138.66,10491.5,6552.78,6777.16,4143.12,4512.28,26893.8462728724,22497.081135014,23411.1899221425,5766.51831493848,11723.5039718965,21318.042743361,31385.263647691,32790.2244586606,45559.9824417043,12288.7114827843,9672.32332771385,0,0,2519.8811361587,0,0,0
"237","Alaska pollock, Chub mackerel, Japanese anchovy","South Korea",146437.890743097,0,0,25410.3903643669,23753.9105080315,13050.1880443402,0,0,0,0,7488.13100263388,51516.6847955971,25218.5860281275,0,0,0,0,0,0,0,0,0,0,0,0,0,0,0,0,0,0,0,0,0,0,0,0,0,0,0,0,0,0,0,0
"238","Carps, Japanese eel, Common carp","South Korea",16435.3592569028,0,0,1002.11963563309,1218.31949196847,1044.78195565975,0,0,0,0,631.358997366091,8716.05520440288,3822.72397187255,0,0,0,0,0,0,0,0,0,0,0,0,0,0,0,0,0,0,0,0,0,0,0,0,0,0,0,0,0,0,0,0
"239","Marine fish, Fish","South Korea",703672.750366601,5700,109586.98,52845.3599999999,45851.32,34073,23396,3661.22,107536.8,24071.84,1996.12,87758.22,23809.48,9594.61795348783,6639.88971824983,3488.24,5902.66692175376,1411.04825762747,6236.06403881115,4407.96064644604,2096.26385038504,3407.171437695,1305.5,1130.68,2250.4,1190.8,985.92,3358,2042,2207,932,565,1276,733.684136175496,0,117215.932156411,828.191249559786,1753.42,218.42,454.78,1754.76,0,0,0,0
"240","Atlantic cod, European pilchard, Yellowfin tuna","Spain",662,0,0,0,0,0,0,0,0,0,0,0,0,0,0,0,0,0,0,0,0,0,0,0,0,0,0,0,0,0,0,0,0,0,123,0,0,539,0,0,0,0,0,0,0
"241","Marine fish, Fish","Spain",194451.283771082,0,682.512101176915,35.3351588920852,550.008333484369,827.772528590057,226.4,561.18,0,59.76,79.3800000000002,167.436455005306,0,531.652746702117,2435.2122183048,5758.19394980771,6380.79545602137,135.75,0,952.092361962019,1107.26,912.087679442799,546.88,244.012630894464,735.371276255805,1159.51087391558,37979.7369695285,757.0021147461,227.178999930257,1813.07373888571,521.277382284267,879.81888866411,406.75,1961.50000000001,18830.98,7239.40999999999,4873.37282883461,15297.9847183768,8250.02870953262,31377.6845000849,24835.9677594824,6387.70166794585,5838.12447446438,2780.70173865096,104.38550921509
"242","Marine fish, Fish","Sri Lanka",9444.5975,0,0,0,0,0,0,0,0,0,0,0,0,0,0,0,2,224.9,1331.8,1,0,1,3,61.36,21.34,145.32,2,95.72,0,6,189,4267,1556,109.34,1,0,0,0,345,81.34,0,0,0.179999999999999,536.22,464.0775
"243","Marine fish, Fish","Sudan",1647.37,0,0,0,0,0,0,0,0,0,0,0,0,0,0,0,0,0,0,0,0,0,0,0,0,0,0,0,0,0,0,0,0,0,0,0,0,0,0,200,74,0,669,601,103.37
"244","Cachama","Suriname",2540.78512393216,0,0,0,0,0,0,0,0,0,0,0,0,0,0,0,0,0,0,0,0,0,0,0,0,0,0,0,1575.3,965.485123932163,0,0,0,0,0,0,0,0,0,0,0,0,0,0,0
"245","Croaker and drum, Sardine and sardinella and sprat, Yellowfin tuna","Suriname",559.934876067837,0,0,0,0,0,0,0,0,0,0,0,0,0,0,0,0,0,0,0,0,0,0,0,0,0,0,0,523.55,36.384876067837,0,0,0,0,0,0,0,0,0,0,0,0,0,0,0
"246","Marine fish, Fish","Suriname",3833.58,0,0,0,0,0,0,0,0,0,0,0,0,0,0,0,0,0,0,0,0,0,8.06,0,0,0,28,60,0,0,0,293.64,385.82,427.98,651.66,27,236.68,47.76,61.32,251,205.48,545.5,401.68,202,0
"247","Atlantic cod, Atlantic herring, European sprat","Sweden",273410.129108284,0,0,0,37,0,89,0,108,130,0,62,2,12047.94,11761.33,14696.68,817.33,28305.18,66410.55,64866.17,38813.1,0,0,0,0,0,0,0,0,0,0,0,0,0,0,0,0,0,7440.50806275259,2397.59092956636,16301.2773352098,0,9124.47278075536,0,0
"248","Marine fish, Fish","Sweden",146857.811753538,0,0,0,0,35,0,0,0,0,0,0,0,0,0,0,0,0,0,0,0,8189.65,324,13.25,807.73,4.25,8804.25,128.5,155.5,169.9,17770,19022,15497,11516,2335,0,0,488.936671277046,391.254704849136,4072.60799989605,9189.15734058983,4587.48555292549,22269.2778801184,20620.5279038821,466.5337
"249","Common carp, Sardine and sardinella and sprat, Tuna","Syria",10,0,0,0,0,0,0,0,0,0,0,0,0,0,0,0,0,0,0,0,0,0,0,0,0,0,0,10,0,0,0,0,0,0,0,0,0,0,0,0,0,0,0,0,0
"250","Emperors, Perch, Sardine","Tanzania",223065.076249267,0,0,0,0,0,0,0,0,0,0,0,0,0,0,0,0,0,0,0,0,0,0,0,0,0,0,0,0,0,0,0,0,35378.68,27582.98,27359.11,33275.69,41455.14,13794.5022189379,33461.27,919.116750289464,2804.68300745806,6591.13147370774,204.755676435973,238.017122438126
"251","Lake Tanganyika sprat, Nile perch, Tilapia","Tanzania",308558.414950733,0,0,0,0,0,0,0,0,0,0,0,0,0,0,0,0,0,0,0,0,0,0,0,0,0,0,0,0,0,0,0,0,1814.5,378.25,11927.5,19548,10600.5,15379.4277810621,761.25,14121.5032497105,22288.6869925419,35371.5685262923,87145.384323564,89221.8440775619
"252","Marine fish, Fish","Tanzania",1474.94,0,0,0,0,0,0,0,0,0,0,0,0,0,0,0,0,0,0,0,0,0,0,0,0,26.68,120.02,81.74,557.02,167.02,130.02,28.22,71.34,0,8.06,0.72,0,194.7,0,89.4,0,0,0,0,0
"253","Freshwater fish, Fish","Thailand",41513.7408889652,0,0,0,0,0,0,0,0,0,0,0,0,0,0,0,0,0,0,0,0,0,0,0,0,0,0,0,0,0,0,0,0,0,0,0,0,1208.32528625527,1422.95029658979,4210.90607983026,6158.28392517857,8068.93176610874,5096.74846478183,8441.52369919694,6906.07137102381
"254","Marine fish, Fish","Thailand",13319032.5843783,0,0,0,0,0,776.239999999999,0,0,39220.31,95127.95,121906.74,160491.86,192358.92,217926.68,250215.467523296,225828.84,221139.2,224078.18,244048.54,200833.44,210667.12,252923.08,259660.1,227373.580000001,305766.62,313757.62,321620.02,404625.02,392589.04,424231.32164961,491531.68,492992.751447856,602787.235781792,643278.412653419,792191.118269017,747770.730839141,803487.740642029,750376.387964797,877073.8,807422.74,715755.928821935,104045.848985417,96243.73,86908.5898
"255","Marine fish, Fish","Togo",1197,0,0,0,0,0,0,0,0,0,0,0,0,0,0,0,0,0,0,0,0,0,0,0,0,0,0,0,225,0,0,738,0,221,13,0,0,0,0,0,0,0,0,0,0
"256","Herring, Sardine and sardinella and sprat, Serra Spanish mackerel","Trinidad",3386.62,0,0,0,0,0,0,0,0,0,0,0,0,0,0,0,0,0,710.65,0,0,1995.93,680.04,0,0,0,0,0,0,0,0,0,0,0,0,0,0,0,0,0,0,0,0,0,0
"257","Marine fish, Fish","Trinidad",124.08,0,0,0,0,0,0,0,0,0,0,0,0,0,0,0,0,14.1,0,2.82,0,16.92,0,0,8.46,0,0,0,0,0,0,0,50.76,31.02,0,0,0,0,0,0,0,0,0,0,0
"258","Marine fish, Fish","Tunisia",3098.24921875746,0,0,0,0,0,46.34,0,0,0,0,0,0,0,0,258,138,69.96,200,0,135.06,0,52.26,469.1,0,61.2,129.7,216.12,299.1,0,277.169218757462,0,0,0,104.4,641.84,0,0,0,0,0,0,0,0,0
"259","European anchovy, European pilchard, Mediterranean horse mackerel","Turkey",398.26,0,0,0,0,0,0,0,0,0,0,0,0,0,0,398.26,0,0,0,0,0,0,0,0,0,0,0,0,0,0,0,0,0,0,0,0,0,0,0,0,0,0,0,0,0
"260","European anchovy, Mediterranean horse mackerel, Rainbow trout","Turkey",236220.659436817,1197,0,481,1041,0,5548,6320,5043,7226,3707,3511,3005,519,3794.5,243.77,2037.84,1716.11,552.634772534614,2596.13,2342.08,1489,2807.75,1066.57,4076.75,13001.7699004267,3389.25,4330.5,3029.5,3685.25,2667.15,290.759563855807,5526.53,10552.52,9145.61,10827.52,14615.3,1596.75,1044.5,872.25,1949.5,2302,25800.06,28537.75,32735.0552
"261","Freshwater fish, Fish","Turkey",24237.2825,0,0,0,0,0,0,0,0,0,0,0,0,0,0,0,0,0,0,0,0,0,0,0,0,0,0,0,0,0,0,0,0,0,0,0,0,714.75,1399.25,3676.75,524.75,6196.75,4172.75,3073.25,4479.0325
"262","Marine fish, Fish","Turkey",47698.8207486113,0,0,0,0,0,0,0,0,0,55,503.74,711.16,456,865,606,0,0,61,41,26,3603.66,6,2515.44,11302.59,0,1311.5,10,1633.28607021518,2995.63619745484,3424.4916668426,3632.37397420542,627.818586425134,2027.7796792375,684.62172921647,1087.8150100932,1041.21899609057,614.635209344194,1864.81624966724,108.43,0,0,1027.08753540468,2307.77950046809,2546.94034394625
"263","Rainbow trout, Common carp, Tarek","Turkey",98246.1753270387,0,0,0,75.94,0,95.16,230.6,398.86,1393.98,920.84,703.1,1877.28,1810.55,181.61,121.71,0,0,3255.10522746539,13147.74,15838.9,793.57,0,0,0,26053.0900995733,0,1094.63,0,0,0,0,0,0,0,0,137,14567.24,15503.52,9.25,0,0,36.5,0,0
"264","Black and Caspian Sea sprat, Silver carp, Common carp","Turkmenistan",1313.45698275795,0,0,0,0,0,0,0,0,0,0,0,0,0,0,0,0,0,0,2.66959964804223,14.457779886148,0,1.78691446028513,14.4186555101265,162.975155279503,937.124463519313,57.188791658909,110.5,0,12.3356227956191,0,0,0,0,0,0,0,0,0,0,0,0,0,0,0
"265","Herring, Sardine and sardinella and sprat, European pilchard","Turkmenistan",6456.72301724206,0,0,0,0,0,0,0,0,0,0,0,0,0,0,0,0,0,0,240.050400351958,479.682220113852,0,68.4030855397149,1501.99134448987,1411.3648447205,1246.37553648069,625.391208341091,459.8,0,423.664377204381,0,0,0,0,0,0,0,0,0,0,0,0,0,0,0
"266","Fish","Uganda",103.74,0,0,0,0,0,0,0,0,0,0,0,0,0,0,0,0,0,0,0,0,0,0,0,0,0,0,0,0,0,0,0,0,0,0,0,0,0,0,0,0,103.74,0,0,0
"267","Nile perch, Silver cyprinid, Tilapia","Uganda",433023.69,0,0,0,0,0,0,0,0,0,0,0,0,0,0,0,0,0,0,6981,13204.75,8492.34,6877.75,16398.68,11834.23,17964.4,21258.02,29525.44,30627.08,31676.42,40679.09,38993.97,30029.42,22709.22,18043.59,41147.87,39838.79,5956.96,0,784.67,0,0,0,0,0
"268","Atlantic salmon, Rainbow trout, Tilapia","UK",2255.57501031413,0,0,0,0,0,0,0,0,0,0,0,0,0,0,0,0,0,0,0,0,0,2255.57501031413,0,0,0,0,0,0,0,0,0,0,0,0,0,0,0,0,0,0,0,0,0,0
"269","Freshwater fish, Fish","UK",2790.77,0,0,0,0,0,0,0,0,0,0,0,0,0,0,0,107,0,0,0,0,0,0,0,0,0,0,0,0,0,0,0,0,0,0,0,0,0,0,0,226,176.25,360,1634,287.52
"270","Marine fish, Fish","UK",333504.345719155,0,9041.54,6210.93,7042.63,2137.33,7,0,12049.65,85,492.25,0,206.25,99.5,2834.75,1616.5,2649.75,1198.35897435897,33.7400000000007,0,357.5,227.5,278.5,150,248,13672.17,5389.46000000001,398.5,695.336744795901,371.5,1700.75,1268.25,9444.76,165,45175.25,53002.25,25960,20397,24119.5,27559.48,19767.42,3613.5,14665,6273.23,12899.31
"271","Tuna, Haddock, Atlantic cod","UK",348272.32550412,17855.15,15753.84,3057.2,0,0,0,0,0,0,0,0,0,159,7501.1661679242,8,3369.17001206534,17948.9403080408,11032.2364244365,24368.16,34906.0500184857,42264.7103996751,53079.9349896859,47489.2545357335,27339.9810462807,24307.4447544697,16501.5466912217,420.040156100453,69,1,0,0,0,0,0,286.75,553.75,0,0,0,0,0,0,0,0
"272","Common carp, Black and Caspian Sea sprat, Silver carp","Ukraine",1189.87479365079,0,0,0,0,0,0,0,0,0,0,0,0,0,0,0,0,0,0,1189.87479365079,0,0,0,0,0,0,0,0,0,0,0,0,0,0,0,0,0,0,0,0,0,0,0,0,0
"273","European pilchard, Herring, Cape horse mackerel","Ukraine",20857.8052063492,0,0,0,0,0,0,0,0,0,0,0,0,0,0,0,0,0,0,20857.8052063492,0,0,0,0,0,0,0,0,0,0,0,0,0,0,0,0,0,0,0,0,0,0,0,0,0
"274","Marine fish, Fish","Ukraine",13900.96,0,0,0,0,0,0,0,0,0,0,0,0,0,0,0,0,0,0,0,0,0,0,0,0,0,0,0,5942.00000000001,0,0,0,0,0,0,0,0,7958.96,0,0,0,0,0,0,0
"275","Emperors, Narrow-barred Spanish mackerel, Tuna","United Arab Emirates",107404.6328,0,0,0,0,0,0,0,0,0,0,0,0,0,1495.52,0,0,0,0,0,0,0,0,0,1280.54,15434.56,13768.56,0,0,53,0,0,0,0,0,0,87,0,0,0,0,0,7939.08,19230.12,48116.2528
"276","Marine fish, Fish","United Arab Emirates",14.25,0,0,0,0,0,0,0,0,0,0,0,0,0,0,0,0,0,0,0,0,0,0,0,0,0,0,0,0,0,0,14.25,0,0,0,0,0,0,0,0,0,0,0,0,0
"277","Argentine hake, Striped weakfish, Whitemouth croaker","Uruguay",474393.67126073,1170.97571344513,2751.83426160338,4539.87,26793.4,41076.86,4781.25,10402.5,7990.5,2939.77,3898.47,7304.31,6369.19758568165,9157.25,10002,12426.5,16215.5,12442.75,4573.5,18403,10893,24572,11931,10836,9833.25,10627.5,10926.25,10423,5098.5,8746.75,6129.25,2641.25,2368.75,13583.25,9176.75,5994.75,13392.5,16727.02,13427.72,15916.47,12100.25,10210.33,8528.85,12500.29,14569.5537
"278","Leporinus, Streaked prochilod, Granulated catfish","Uruguay",136758.012414318,0,0,0,0,0,45654.73,0,21256.43,0,0,0,11.7224143183549,0,0,0,0,0,3090.86,13097.9,17750.66,18953.29,0,2684,1705.88,1353.87,1848.24,2628.56,1247.78,3934.97,0,1539.12,0,0,0,0,0,0,0,0,0,0,0,0,0
"279","Marine fish, Fish","Uruguay",101440.09,0,0,0,0,0,0,568.02,745.839999999999,1740.7,533.13,749.42,541.45,290.27,131.63,150.12,8.61999999999999,0,0,263,492,1169,11107.03,20352.46,12387.28,6797.22,5846.85,3228,5719.91,5194.05,6375.33,798,5073.68,8929.34,145,0,0,677,407,590,180,13,155.72,61.04,18.98
"280","Alaska pollock, Gulf menhaden, Tuna","USA",139669.205936507,0,0,0,0,0,0,0,0,0,0,0,0,0,0,58136.3952311236,0,49685.102182321,961.510310733574,24623.5456677314,0,0,0,0,0,0,0,0,0,0,0,0,0,0,0,0,0,6262.65254459696,0,0,0,0,0,0,0
"281","Channel catfish, Pink salmon, Tilapia","USA",11765.3066080904,0,0,0,0,0,0,0,0,0,0,0,0,0,0,5011.13476887642,0,4816.45781767898,62.0096892664278,1875.70433226859,0,0,0,0,0,0,0,0,0,0,0,0,0,0,0,0,0,0,0,0,0,0,0,0,0
"282","Marine fish, Fish","USA",1922409.07216724,0,0,0,0,0,0,381,0,11004,144946,187801,200735,309656,171130,192235.36,64280.25,4796.06,6573.92,36122.75,46330.0421672399,35406.7500000001,67639.5,3918,6924.25,5305,19002.34,36929.24,20742,23604.88,51482.96,41647.18,66773.9,45460.44,20554.16,28905.64,5762,39601.7,6327.14,4353.75,3743.5,4886.25,2356,2809,2282.11
"283","Common carp, Sardine and sardinella and sprat, Silver carp","Uzbekistan",2665.52,0,0,0,0,0,0,0,0,0,0,0,0,0,0,0,0,0,0,489.7,1398.18,777.64,0,0,0,0,0,0,0,0,0,0,0,0,0,0,0,0,0,0,0,0,0,0,0
"284","Chilean jack mackerel, Skipjack tuna, Yellowfin tuna","Vanuatu",6432.8551,0,0,0,0,0,0,0,0,0,0,0,0,0,0,0,0,0,0,0,0,0,0,0,0,0,0,0,0,0,0,0,0,0,0,0,0,0,0,885.83,0,2760.18,0,662.25,2124.5951
"285","Marine fish, Fish","Vanuatu",12980.9462,0,0,0,0,0,0,0,0,0,0,0,0,0,0,0,0,0,0,0,0,0,0,0,0,0,4,11,0,62,2,0,0,0,0,0,0,0,0,0,0,0,4287.12,6807.01,1807.8162
"286","Granulated catfish, Leporinus, Prochilod","Venezuela",100,0,0,0,0,0,0,0,0,0,0,0,0,0,0,0,0,0,0,0,0,0,0,0,0,0,0,0,0,0,0,0,0,0,0,0,0,0,0,0,0,1.25,98.75,0,0
"287","Marine fish, Fish","Venezuela",46072.54,0,0,0,0,0,0,0,0,0,0,0,0,0,0,0,0,0,0,0,10357.44,11007.48,5808.12000000001,5859,2035,475,120,230,1473,5119,2785,273,207,3,0,0,0,0,1,0,1,123,120,75,0.5
"288","Freshwater fish, Fish","Vietnam",18779.9379635709,0,0,0,0,0,0,0,0,0,0,0,0,0,0,0,0,0,0,0,101,87.75,0,0,0,0,0,0,0,67,45,0,0,0,0,0,0,1273.75,136.36875870686,1745.18170486406,1321.5,864,6975.75,2122.25,4040.3875
"289","Marine fish, Fish","Vietnam",229770.7168,0,0,0,0,0,0,0,0,0,0,0,71,36,5,108,0,0,0,11,439.44,372.61,0,0,0,0,27074.76,27960.64,3942.52,3239.7,727.3,1212.86,413.4,2882.38,3941.12,4130.96,5943.46,19117.64,12918.25,12130.68,41106.48,11758.14,12733.61,12938.32,24555.4468
"290","Fish","Yemen",2513.52,0,0,0,0,0,0,0,0,0,0,0,0,0,0,0,0,0,0,0,0,0,0,0,0,0,0,0,0,50,60,0,1665,0,0,0,0,0,0,0,0,321,0,166,251.52
"291","Indian mackerel, Indian oil sardine, Pelagic fish","Yemen",21807.28,0,0,0,0,0,0,0,0,0,0,0,0,0,0,0,0,0,0,0,0,0,0,0,0,0,0,0,0,2681.56,231.32,547,1074,0,0,0,0,3065.76,1283,961.25,366.82,87,27,0,11482.57
"292","Indian oil sardine, Yellowfin tuna, Tuna","Yemen",360789.461034825,0,0,0,0,0,0,0,0,0,0,0,0,0,0,0,0,0,0,0,0,0,0,0,0,0,0,0,0,0,0,0,21695.9152257417,48436.2666666667,51905.4255366813,67837.4817483444,77018.7422375525,46244.4499503194,35505.3343958869,12145.8452736318,0,0,0,0,0
"293","Indian threadfish, Shark and ray and skate, Barracuda","Yemen",61821.2989651753,0,0,0,0,0,0,0,0,0,0,0,0,0,0,0,0,0,0,0,0,0,0,0,0,0,0,0,0,0,0,0,7732.97477425828,3459.73333333333,14345.0044633187,13583.4382516556,17856.7377624475,2717.40004968063,1622.55560411311,503.454726368159,0,0,0,0,0
"294","Fish","Zambia",108,0,0,0,0,0,0,0,0,0,0,0,0,0,0,0,0,0,0,0,0,0,0,0,0,24,84,0,0,0,0,0,0,0,0,0,0,0,0,0,0,0,0,0,0
"295","Jack and horse mackerel, Lake Tanganyika sprat, Mackerel","Zambia",122.2,0,0,0,0,0,0,0,0,0,0,0,0,0,0,0,0,0,0,0,0,0,0,0,122.2,0,0,0,0,0,0,0,0,0,0,0,0,0,0,0,0,0,0,0,0
"296","Freshwater fish, Fish","Zimbabwe",300.257951394887,0,0,0,0,0,0,0,0,0,0,0,0,0,0,0,0,0,0,0,0,0,0,0,0,65.9514616657474,0,0,0,0,0,0,0,0,0,0,0,234.30648972914,0,0,0,0,0,0,0
"297","Marine fish, Fish","Zimbabwe",18441.9445486051,0,0,0,0,0,0,0,0,0,2.82,0,0,0,0,0,0,95.26,0,0,0,0,0,0,0,42.7485383342526,0,39.4,0,0,0,0,0,0,0,0,0,1054.61351027086,1512.5,4980.25,4277.5,2591.75,1086,1220,1539.1025
